transactions_id,sale_date,sale_time,customer_id,gender,age,category,quantiy,price_per_unit,cogs,total_sale,Product Name
180,2022-11-05,10:47:00,117,Male,41.0,Clothing,3.0,300.0,129.0,900.0,Jeans
522,2022-07-09,11:00:00,52,Male,46.0,Beauty,3.0,500.0,145.0,1500.0,Face Cream
559,2022-12-12,10:48:00,5,Female,40.0,Clothing,4.0,300.0,84.0,1200.0,Dress
1180,2022-01-06,08:53:00,85,Male,41.0,Clothing,3.0,300.0,129.0,900.0,Sneakers
1522,2022-11-14,08:35:00,48,Male,46.0,Beauty,3.0,500.0,235.0,1500.0,Lipstick
1559,2022-08-20,07:40:00,49,Female,40.0,Clothing,4.0,300.0,144.0,1200.0,Jacket
163,2022-10-31,09:38:00,144,Female,64.0,Clothing,3.0,50.0,23.0,150.0,Jeans
303,2022-04-22,11:09:00,54,Male,19.0,Electronics,3.0,30.0,14.7,90.0,Power Bank
421,2022-04-08,08:43:00,66,Female,37.0,Clothing,3.0,500.0,235.0,1500.0,Jeans
979,2022-05-18,10:18:00,6,Female,19.0,Beauty,1.0,25.0,10.5,25.0,Sunscreen
1163,2022-05-04,10:52:00,120,Female,64.0,Clothing,3.0,50.0,27.0,150.0,Skirt
1303,2022-03-19,08:59:00,58,Male,19.0,Electronics,3.0,30.0,15.0,90.0,Smartphone
1421,2022-01-17,07:07:00,59,Female,37.0,Clothing,3.0,500.0,185.0,1500.0,T-Shirt
1979,2022-08-17,11:34:00,102,Female,19.0,Beauty,1.0,25.0,7.75,25.0,Shampoo
610,2022-12-18,06:56:00,137,Female,26.0,Beauty,2.0,300.0,93.0,600.0,Lipstick
1610,2022-11-23,10:18:00,1,Female,26.0,Beauty,2.0,300.0,102.0,600.0,Lipstick
32,2022-07-16,09:11:00,150,Male,30.0,Beauty,3.0,30.0,8.4,90.0,Foundation
231,2022-07-09,07:02:00,50,Female,23.0,Clothing,3.0,50.0,26.5,150.0,Trousers
683,2022-03-06,10:22:00,82,Male,38.0,Beauty,2.0,500.0,175.0,1000.0,Face Cream
1032,2022-04-01,08:15:00,1,Male,30.0,Beauty,3.0,30.0,10.5,90.0,Foundation
1231,2022-01-29,07:05:00,12,Female,23.0,Clothing,3.0,50.0,23.0,150.0,Sneakers
1683,2022-05-04,07:19:00,98,Male,38.0,Beauty,2.0,500.0,220.0,1000.0,Foundation
367,2022-12-30,07:03:00,123,Female,57.0,Electronics,1.0,50.0,18.0,50.0,Wireless Mouse
391,2022-03-25,07:37:00,68,Male,19.0,Beauty,2.0,25.0,6.25,50.0,Lipstick
432,2022-03-10,11:31:00,17,Female,,Electronics,2.0,500.0,190.0,1000.0,Keyboard
1367,2022-04-15,11:38:00,16,Female,,Electronics,1.0,50.0,15.5,50.0,Monitor
1391,2022-03-01,11:29:00,130,Male,,Beauty,2.0,25.0,9.25,50.0,Moisturizer
1432,2022-12-25,06:24:00,67,Female,,Electronics,2.0,500.0,245.0,1000.0,Smartphone
150,2022-04-13,08:25:00,89,Female,,Electronics,4.0,30.0,16.2,120.0,Laptop
845,2022-10-27,10:12:00,25,Male,,Clothing,1.0,500.0,145.0,500.0,Skirt
1150,2022-08-22,10:04:00,77,Female,,Electronics,4.0,30.0,10.2,120.0,Bluetooth Speaker
1845,2022-05-24,07:06:00,94,Male,,Clothing,1.0,500.0,185.0,500.0,Dress
797,2022-09-16,06:38:00,116,Male,,Clothing,3.0,25.0,10.75,75.0,Jacket
921,2022-09-28,09:34:00,101,Male,,Electronics,3.0,25.0,8.0,75.0,Smartwatch
1797,2022-04-16,11:47:00,147,Male,40.0,Clothing,3.0,25.0,12.25,75.0,Hoodie
1921,2022-02-08,07:01:00,77,Male,51.0,Electronics,3.0,25.0,7.5,75.0,Headphones
291,2022-11-22,08:29:00,15,Male,60.0,Clothing,2.0,300.0,126.0,600.0,Jeans
907,2022-09-02,06:16:00,145,Female,45.0,Electronics,1.0,25.0,8.5,25.0,Wireless Mouse
1291,2022-04-04,11:19:00,72,Male,60.0,Clothing,2.0,300.0,153.0,600.0,Jeans
1907,2022-11-17,11:21:00,115,Female,45.0,Electronics,1.0,25.0,9.0,25.0,Bluetooth Speaker
860,2022-04-11,08:58:00,85,Male,63.0,Clothing,4.0,50.0,16.0,200.0,Hoodie
1860,2022-03-12,11:21:00,57,Male,63.0,Clothing,4.0,50.0,18.0,200.0,Trousers
184,2022-02-13,06:44:00,128,Male,31.0,Electronics,4.0,50.0,17.0,200.0,Tablet
734,2022-03-12,08:54:00,77,Female,27.0,Clothing,1.0,30.0,15.6,30.0,T-Shirt
1184,2022-02-12,08:28:00,23,Male,31.0,Electronics,4.0,50.0,27.5,200.0,Keyboard
1734,2022-02-28,08:58:00,72,Female,27.0,Clothing,1.0,30.0,14.4,30.0,Casual Shirt
225,2022-03-05,07:37:00,85,Female,57.0,Beauty,4.0,25.0,12.75,100.0,Shampoo
679,2022-08-26,08:59:00,64,Female,18.0,Beauty,,,,,Face Wash
746,2022-07-05,11:33:00,42,Female,33.0,Clothing,,,,,Jeans
1225,2022-02-02,09:51:00,137,Female,57.0,Beauty,,,,,Foundation
1679,2022-09-23,08:08:00,71,Female,18.0,Beauty,3.0,30.0,15.3,90.0,Moisturizer
1746,2022-06-13,07:59:00,88,Female,33.0,Clothing,3.0,30.0,10.8,90.0,Trousers
3,2022-06-14,07:08:00,114,Male,50.0,Electronics,1.0,30.0,8.1,30.0,Bluetooth Speaker
464,2022-03-06,11:13:00,24,Male,38.0,Electronics,2.0,300.0,75.0,600.0,Monitor
484,2022-03-13,07:52:00,135,Female,19.0,Clothing,4.0,300.0,75.0,1200.0,Sneakers
591,2022-03-21,08:38:00,94,Male,53.0,Electronics,4.0,25.0,6.5,100.0,Headphones
1003,2022-01-26,07:59:00,80,Male,50.0,Electronics,1.0,30.0,15.9,30.0,Smartphone
1464,2022-11-13,10:06:00,80,Male,38.0,Electronics,2.0,300.0,126.0,600.0,Smartwatch
1484,2022-11-23,09:29:00,22,Female,19.0,Clothing,4.0,300.0,147.0,1200.0,Dress
1591,2022-09-29,11:00:00,62,Male,53.0,Electronics,4.0,25.0,7.0,100.0,Headphones
21,2022-07-11,07:33:00,59,Female,50.0,Beauty,1.0,500.0,275.0,500.0,Lipstick
708,2022-04-06,08:38:00,62,Female,43.0,Beauty,3.0,300.0,87.0,900.0,Shampoo
713,2022-04-16,11:43:00,39,Male,34.0,Beauty,3.0,25.0,11.25,75.0,Face Wash
768,2022-06-27,06:50:00,58,Female,24.0,Beauty,3.0,25.0,10.5,75.0,Moisturizer
1021,2022-06-11,10:19:00,44,Female,50.0,Beauty,1.0,500.0,155.0,500.0,Hair Serum
1708,2022-02-08,07:47:00,41,Female,43.0,Beauty,3.0,300.0,162.0,900.0,Body Lotion
1713,2022-10-03,10:10:00,90,Male,34.0,Beauty,3.0,25.0,10.75,75.0,Perfume
1768,2022-07-31,09:52:00,85,Female,24.0,Beauty,3.0,25.0,8.75,75.0,Body Lotion
499,2022-04-03,10:52:00,15,Male,46.0,Beauty,2.0,30.0,16.5,60.0,Body Lotion
697,2022-12-25,07:52:00,152,Male,53.0,Clothing,1.0,500.0,200.0,500.0,Sneakers
831,2022-11-30,11:49:00,149,Male,27.0,Electronics,4.0,25.0,13.75,100.0,Tablet
1499,2022-09-23,09:46:00,3,Male,46.0,Beauty,2.0,30.0,11.7,60.0,Shampoo
1697,2022-12-18,08:22:00,54,Male,53.0,Clothing,1.0,500.0,265.0,500.0,Trousers
1831,2022-03-26,10:54:00,80,Male,27.0,Electronics,4.0,25.0,6.5,100.0,Laptop
15,2022-07-01,11:50:00,75,Female,42.0,Electronics,4.0,500.0,210.0,2000.0,Power Bank
743,2022-08-07,07:54:00,55,Female,34.0,Beauty,4.0,500.0,260.0,2000.0,Lipstick
1015,2022-03-09,11:53:00,94,Female,42.0,Electronics,4.0,500.0,200.0,2000.0,Laptop
1743,2022-10-26,09:37:00,47,Female,34.0,Beauty,4.0,500.0,250.0,2000.0,Hair Serum
14,2022-05-18,07:11:00,8,Male,64.0,Clothing,4.0,30.0,13.2,120.0,Skirt
103,2022-11-12,10:05:00,33,Female,59.0,Clothing,1.0,25.0,10.75,25.0,Dress
238,2022-05-10,11:52:00,20,Female,39.0,Beauty,1.0,500.0,150.0,500.0,Foundation
986,2022-08-01,09:35:00,65,Female,49.0,Clothing,2.0,500.0,200.0,1000.0,Sneakers
1014,2022-02-04,10:26:00,147,Male,64.0,Clothing,4.0,30.0,11.4,120.0,Hoodie
1103,2022-02-14,07:11:00,61,Female,59.0,Clothing,1.0,25.0,6.75,25.0,T-Shirt
1238,2022-09-17,07:38:00,129,Female,39.0,Beauty,1.0,500.0,165.0,500.0,Lipstick
1986,2022-09-14,08:28:00,29,Female,49.0,Clothing,2.0,500.0,145.0,1000.0,T-Shirt
438,2022-08-31,10:15:00,88,Female,42.0,Clothing,1.0,30.0,15.9,30.0,Hoodie
1438,2022-01-07,10:00:00,72,Female,42.0,Clothing,1.0,30.0,13.8,30.0,Skirt
475,2022-08-12,10:39:00,78,Male,26.0,Clothing,3.0,25.0,9.0,75.0,Dress
505,2022-12-17,07:25:00,86,Male,24.0,Beauty,1.0,50.0,19.5,50.0,Shampoo
1475,2022-10-04,07:03:00,132,Male,26.0,Clothing,3.0,25.0,10.75,75.0,Sneakers
1505,2022-10-30,08:00:00,98,Male,24.0,Beauty,1.0,50.0,14.5,50.0,Sunscreen
344,2022-07-17,09:47:00,69,Female,42.0,Beauty,1.0,30.0,7.5,30.0,Body Lotion
448,2022-03-19,09:36:00,86,Female,54.0,Beauty,2.0,30.0,16.2,60.0,Lipstick
742,2022-03-19,06:08:00,37,Female,38.0,Electronics,4.0,500.0,195.0,2000.0,Keyboard
1344,2022-12-18,06:12:00,144,Female,42.0,Beauty,1.0,30.0,11.1,30.0,Face Wash
1448,2022-05-16,06:28:00,51,Female,54.0,Beauty,2.0,30.0,9.3,60.0,Hair Serum
1742,2022-11-22,08:25:00,18,Female,38.0,Electronics,4.0,500.0,220.0,2000.0,Laptop
445,2022-04-14,10:48:00,132,Female,53.0,Electronics,1.0,300.0,138.0,300.0,Tablet
787,2022-06-10,10:42:00,25,Male,41.0,Electronics,1.0,25.0,13.75,25.0,Laptop
1445,2022-04-19,06:16:00,31,Female,53.0,Electronics,1.0,300.0,129.0,300.0,Smartwatch
1787,2022-05-30,07:42:00,104,Male,41.0,Electronics,1.0,25.0,10.0,25.0,Power Bank
49,2022-09-17,10:33:00,37,Female,54.0,Electronics,2.0,500.0,255.0,1000.0,Power Bank
420,2022-01-02,10:53:00,28,Female,22.0,Clothing,4.0,500.0,200.0,2000.0,Dress
519,2022-04-08,10:17:00,52,Female,36.0,Electronics,4.0,30.0,16.5,120.0,Monitor
1049,2022-05-16,06:36:00,143,Female,54.0,Electronics,2.0,500.0,125.0,1000.0,Wireless Mouse
1420,2022-04-15,07:01:00,138,Female,22.0,Clothing,4.0,500.0,205.0,2000.0,Trousers
1519,2022-01-08,07:35:00,139,Female,36.0,Electronics,4.0,30.0,9.3,120.0,Wireless Mouse
64,2022-11-15,06:34:00,7,Male,49.0,Clothing,4.0,25.0,8.5,100.0,Hoodie
592,2022-12-26,09:15:00,77,Female,46.0,Beauty,4.0,500.0,275.0,2000.0,Lipstick
912,2022-10-31,06:18:00,122,Male,51.0,Beauty,3.0,50.0,20.5,150.0,Perfume
1064,2022-04-14,10:38:00,49,Male,49.0,Clothing,4.0,25.0,13.75,100.0,Casual Shirt
1592,2022-03-16,09:08:00,81,Female,46.0,Beauty,4.0,500.0,155.0,2000.0,Hair Serum
1912,2022-05-27,07:40:00,146,Male,51.0,Beauty,3.0,50.0,22.0,150.0,Shampoo
134,2022-08-25,09:03:00,132,Male,49.0,Electronics,1.0,50.0,16.0,50.0,Smartphone
1134,2022-08-05,09:04:00,106,Male,49.0,Electronics,1.0,50.0,24.0,50.0,Headphones
288,2022-05-02,09:59:00,27,Male,28.0,Clothing,4.0,30.0,12.0,120.0,Jacket
323,2022-01-21,08:22:00,97,Female,29.0,Beauty,3.0,300.0,150.0,900.0,Perfume
618,2022-10-13,10:22:00,5,Female,27.0,Beauty,1.0,50.0,26.0,50.0,Face Wash
720,2022-04-08,08:50:00,116,Female,56.0,Beauty,3.0,500.0,235.0,1500.0,Sunscreen
1288,2022-04-05,11:56:00,26,Male,28.0,Clothing,4.0,30.0,9.0,120.0,Jeans
1323,2022-08-15,10:49:00,136,Female,29.0,Beauty,3.0,300.0,114.0,900.0,Face Wash
1618,2022-09-15,06:27:00,118,Female,27.0,Beauty,1.0,50.0,13.5,50.0,Face Wash
1720,2022-10-10,08:51:00,28,Female,56.0,Beauty,3.0,500.0,190.0,1500.0,Sunscreen
415,2022-01-05,09:59:00,85,Male,53.0,Clothing,2.0,30.0,8.1,60.0,Sweater
736,2022-12-18,08:30:00,97,Male,29.0,Clothing,4.0,25.0,9.75,100.0,Casual Shirt
929,2022-03-11,10:18:00,40,Female,23.0,Beauty,3.0,25.0,10.5,75.0,Moisturizer
1415,2022-03-06,07:11:00,146,Male,53.0,Clothing,2.0,30.0,15.3,60.0,Casual Shirt
1736,2022-08-28,08:57:00,87,Male,29.0,Clothing,4.0,25.0,10.25,100.0,T-Shirt
1929,2022-09-15,06:50:00,62,Female,23.0,Beauty,3.0,25.0,12.75,75.0,Shampoo
264,2022-12-26,11:03:00,111,Male,47.0,Clothing,3.0,300.0,150.0,900.0,Casual Shirt
913,2022-10-12,10:52:00,78,Male,29.0,Electronics,3.0,30.0,16.5,90.0,Tablet
940,2022-01-05,08:11:00,46,Female,20.0,Electronics,1.0,30.0,9.6,30.0,Bluetooth Speaker
1264,2022-05-27,09:23:00,82,Male,47.0,Clothing,3.0,300.0,123.0,900.0,Jeans
1913,2022-06-23,07:10:00,101,Male,29.0,Electronics,3.0,30.0,14.1,90.0,Tablet
1940,2022-06-15,09:47:00,56,Female,20.0,Electronics,1.0,30.0,11.1,30.0,Wireless Mouse
101,2022-01-08,08:46:00,24,Male,32.0,Clothing,2.0,300.0,135.0,600.0,Jacket
1101,2022-05-17,07:47:00,15,Male,32.0,Clothing,2.0,300.0,132.0,600.0,Sweater
189,2022-01-02,09:44:00,143,Male,63.0,Beauty,1.0,50.0,14.5,50.0,Face Cream
317,2022-05-04,07:54:00,117,Male,22.0,Electronics,3.0,30.0,12.0,90.0,Tablet
322,2022-10-19,06:11:00,13,Male,51.0,Electronics,1.0,500.0,125.0,500.0,Power Bank
329,2022-10-27,07:42:00,52,Female,46.0,Electronics,4.0,25.0,8.0,100.0,Laptop
1189,2022-12-07,06:08:00,104,Male,63.0,Beauty,1.0,50.0,20.5,50.0,Foundation
1317,2022-08-25,08:02:00,144,Male,22.0,Electronics,3.0,30.0,12.0,90.0,Headphones
1322,2022-11-14,09:56:00,10,Male,51.0,Electronics,1.0,500.0,250.0,500.0,Tablet
1329,2022-01-27,10:39:00,119,Female,46.0,Electronics,4.0,25.0,9.25,100.0,Power Bank
235,2022-03-10,10:13:00,132,Female,23.0,Electronics,2.0,500.0,275.0,1000.0,Monitor
300,2022-01-08,09:41:00,138,Female,19.0,Electronics,4.0,50.0,26.5,200.0,Smartwatch
964,2022-08-26,08:18:00,15,Male,24.0,Clothing,3.0,300.0,156.0,900.0,Jacket
1235,2022-04-04,06:44:00,87,Female,23.0,Electronics,2.0,500.0,220.0,1000.0,Bluetooth Speaker
1300,2022-08-08,08:57:00,7,Female,19.0,Electronics,4.0,50.0,24.0,200.0,Laptop
1964,2022-08-02,08:27:00,115,Male,24.0,Clothing,3.0,300.0,111.0,900.0,Casual Shirt
269,2022-09-19,11:31:00,87,Male,25.0,Clothing,4.0,500.0,250.0,2000.0,Casual Shirt
320,2022-04-20,08:35:00,57,Female,28.0,Electronics,4.0,300.0,159.0,1200.0,Smartphone
673,2022-07-04,10:14:00,18,Female,43.0,Clothing,3.0,500.0,270.0,1500.0,Trousers
1269,2022-01-01,08:09:00,71,Male,25.0,Clothing,4.0,500.0,145.0,2000.0,Hoodie
1320,2022-11-02,11:55:00,102,Female,28.0,Electronics,4.0,300.0,84.0,1200.0,Keyboard
1673,2022-06-14,07:36:00,42,Female,43.0,Clothing,3.0,500.0,185.0,1500.0,T-Shirt
142,2022-04-08,10:05:00,61,Male,35.0,Electronics,4.0,300.0,138.0,1200.0,Headphones
223,2022-01-15,11:18:00,61,Female,64.0,Clothing,1.0,25.0,12.0,25.0,Hoodie
666,2022-03-03,10:59:00,49,Male,51.0,Electronics,3.0,50.0,16.0,150.0,Tablet
1142,2022-11-09,09:49:00,2,Male,35.0,Electronics,4.0,300.0,114.0,1200.0,Smartwatch
1223,2022-02-20,07:40:00,106,Female,64.0,Clothing,1.0,25.0,9.75,25.0,T-Shirt
1666,2022-12-08,10:10:00,125,Male,51.0,Electronics,3.0,50.0,21.0,150.0,Smartwatch
107,2022-10-06,09:18:00,75,Female,21.0,Clothing,4.0,300.0,78.0,1200.0,Trousers
933,2022-09-19,07:53:00,81,Male,22.0,Beauty,1.0,30.0,12.9,30.0,Shampoo
1107,2022-12-31,11:14:00,62,Female,21.0,Clothing,4.0,300.0,102.0,1200.0,Jeans
1933,2022-01-12,11:04:00,121,Male,22.0,Beauty,1.0,30.0,14.4,30.0,Hair Serum
237,2022-04-11,08:54:00,105,Female,50.0,Beauty,2.0,500.0,165.0,1000.0,Shampoo
335,2022-02-02,09:23:00,2,Female,47.0,Beauty,4.0,30.0,10.8,120.0,Foundation
1237,2022-02-23,09:20:00,48,Female,50.0,Beauty,2.0,500.0,215.0,1000.0,Perfume
1335,2022-05-27,08:45:00,117,Female,47.0,Beauty,4.0,30.0,8.7,120.0,Perfume
63,2022-02-03,11:49:00,127,Male,57.0,Electronics,2.0,25.0,6.25,50.0,Keyboard
195,2022-08-14,11:51:00,10,Male,52.0,Clothing,1.0,30.0,9.3,30.0,Casual Shirt
333,2022-10-06,08:15:00,21,Female,54.0,Electronics,4.0,300.0,99.0,1200.0,Laptop
379,2022-06-01,07:28:00,76,Female,47.0,Clothing,1.0,25.0,8.5,25.0,Dress
490,2022-01-27,06:07:00,43,Male,34.0,Clothing,3.0,50.0,18.5,150.0,Casual Shirt
530,2022-05-01,07:52:00,8,Female,18.0,Electronics,4.0,30.0,9.0,120.0,Monitor
740,2022-12-01,06:58:00,33,Female,25.0,Beauty,4.0,50.0,13.0,200.0,Face Wash
793,2022-05-27,10:53:00,1,Male,54.0,Beauty,1.0,30.0,14.7,30.0,Lipstick
1063,2022-08-04,10:26:00,56,Male,57.0,Electronics,2.0,25.0,11.0,50.0,Power Bank
1195,2022-09-21,07:07:00,55,Male,52.0,Clothing,1.0,30.0,12.0,30.0,Sneakers
1333,2022-11-01,11:38:00,151,Female,54.0,Electronics,4.0,300.0,165.0,1200.0,Tablet
1379,2022-01-02,06:23:00,69,Female,47.0,Clothing,1.0,25.0,7.25,25.0,Skirt
1490,2022-10-26,07:15:00,155,Male,34.0,Clothing,3.0,50.0,17.0,150.0,Hoodie
1530,2022-12-10,08:17:00,93,Female,18.0,Electronics,4.0,30.0,12.3,120.0,Keyboard
1740,2022-07-16,06:01:00,66,Female,25.0,Beauty,4.0,50.0,27.0,200.0,Foundation
1793,2022-12-11,06:05:00,88,Male,54.0,Beauty,1.0,30.0,10.8,30.0,Hair Serum
85,2022-09-03,08:05:00,68,Male,31.0,Clothing,3.0,50.0,19.0,150.0,Jeans
232,2022-08-12,07:14:00,150,Female,43.0,Beauty,1.0,25.0,12.75,25.0,Lipstick
240,2022-11-05,11:49:00,95,Female,23.0,Beauty,1.0,300.0,123.0,300.0,Lipstick
993,2022-09-07,09:21:00,134,Female,48.0,Electronics,3.0,50.0,17.0,150.0,Headphones
1085,2022-08-12,09:29:00,76,Male,31.0,Clothing,3.0,50.0,17.0,150.0,Hoodie
1232,2022-05-23,08:05:00,146,Female,43.0,Beauty,1.0,25.0,6.25,25.0,Face Cream
1240,2022-08-07,07:42:00,144,Female,23.0,Beauty,1.0,300.0,90.0,300.0,Sunscreen
1993,2022-12-29,11:53:00,123,Female,48.0,Electronics,3.0,50.0,26.5,150.0,Power Bank
366,2022-10-29,09:32:00,116,Male,57.0,Clothing,2.0,50.0,17.5,100.0,Sneakers
372,2022-06-19,11:45:00,27,Female,24.0,Beauty,3.0,500.0,140.0,1500.0,Sunscreen
596,2022-02-12,08:44:00,87,Female,64.0,Electronics,1.0,300.0,93.0,300.0,Smartwatch
936,2022-01-05,10:51:00,143,Male,57.0,Beauty,4.0,50.0,19.5,200.0,Face Cream
1366,2022-01-01,11:34:00,25,Male,57.0,Clothing,2.0,50.0,23.5,100.0,Jeans
1372,2022-03-18,10:53:00,60,Female,24.0,Beauty,3.0,500.0,145.0,1500.0,Face Cream
1596,2022-03-28,06:22:00,7,Female,64.0,Electronics,1.0,300.0,141.0,300.0,Smartwatch
1936,2022-06-19,11:32:00,60,Male,57.0,Beauty,4.0,50.0,12.5,200.0,Shampoo
284,2022-11-12,09:17:00,129,Male,43.0,Clothing,4.0,50.0,20.5,200.0,T-Shirt
434,2022-10-26,06:09:00,50,Female,43.0,Electronics,2.0,25.0,8.25,50.0,Bluetooth Speaker
775,2022-05-06,11:07:00,98,Female,46.0,Electronics,4.0,25.0,9.5,100.0,Headphones
977,2022-07-26,08:35:00,46,Female,35.0,Electronics,3.0,25.0,13.75,75.0,Power Bank
1284,2022-12-16,11:43:00,145,Male,43.0,Clothing,4.0,50.0,18.0,200.0,Sneakers
1434,2022-02-04,10:02:00,147,Female,43.0,Electronics,2.0,25.0,7.0,50.0,Tablet
1775,2022-12-18,08:04:00,78,Female,46.0,Electronics,4.0,25.0,13.75,100.0,Keyboard
1977,2022-08-05,10:46:00,63,Female,35.0,Electronics,3.0,25.0,12.0,75.0,Smartwatch
649,2022-06-21,08:17:00,44,Female,58.0,Clothing,2.0,300.0,135.0,600.0,Casual Shirt
1649,2022-10-21,07:44:00,72,Female,58.0,Clothing,2.0,300.0,75.0,600.0,Jacket
54,2022-10-20,10:17:00,142,Female,38.0,Electronics,3.0,500.0,200.0,1500.0,Monitor
68,2022-12-15,09:06:00,146,Male,25.0,Electronics,1.0,300.0,84.0,300.0,Monitor
192,2022-11-08,08:05:00,134,Male,62.0,Beauty,2.0,50.0,13.0,100.0,Hair Serum
1054,2022-01-10,09:24:00,49,Female,38.0,Electronics,3.0,500.0,140.0,1500.0,Smartwatch
1068,2022-09-14,10:11:00,136,Male,25.0,Electronics,1.0,300.0,111.0,300.0,Keyboard
1192,2022-03-29,08:41:00,37,Male,62.0,Beauty,2.0,50.0,20.5,100.0,Face Wash
331,2022-08-16,08:33:00,28,Male,28.0,Electronics,3.0,30.0,10.2,90.0,Smartwatch
346,2022-09-05,06:54:00,38,Male,59.0,Clothing,2.0,500.0,215.0,1000.0,Jeans
657,2022-01-29,08:53:00,46,Male,40.0,Clothing,1.0,25.0,8.0,25.0,Jeans
732,2022-10-13,08:45:00,136,Male,61.0,Electronics,2.0,500.0,250.0,1000.0,Wireless Mouse
972,2022-08-16,11:42:00,139,Male,49.0,Beauty,4.0,25.0,6.75,100.0,Body Lotion
1331,2022-05-15,09:29:00,36,Male,28.0,Electronics,3.0,30.0,13.8,90.0,Wireless Mouse
1346,2022-04-10,10:01:00,112,Male,59.0,Clothing,2.0,500.0,130.0,1000.0,Skirt
1657,2022-08-09,10:05:00,61,Male,40.0,Clothing,1.0,25.0,8.0,25.0,Sweater
1732,2022-02-25,07:05:00,55,Male,61.0,Electronics,2.0,500.0,215.0,1000.0,Smartphone
1972,2022-12-21,06:39:00,5,Male,49.0,Beauty,4.0,25.0,9.25,100.0,Shampoo
714,2022-10-29,08:50:00,20,Female,18.0,Clothing,1.0,500.0,190.0,500.0,T-Shirt
1714,2022-11-23,06:07:00,111,Female,18.0,Clothing,1.0,500.0,245.0,500.0,Skirt
193,2022-03-27,10:40:00,55,Male,35.0,Beauty,3.0,500.0,180.0,1500.0,Body Lotion
577,2022-04-21,11:55:00,45,Male,21.0,Beauty,4.0,500.0,215.0,2000.0,Shampoo
848,2022-01-24,10:46:00,15,Female,63.0,Clothing,3.0,25.0,9.75,75.0,Sneakers
945,2022-10-01,10:01:00,120,Male,30.0,Beauty,1.0,25.0,13.25,25.0,Lipstick
1193,2022-05-11,11:31:00,50,Male,35.0,Beauty,3.0,500.0,145.0,1500.0,Lipstick
1577,2022-09-11,06:22:00,145,Male,21.0,Beauty,4.0,500.0,160.0,2000.0,Foundation
1848,2022-12-27,10:16:00,63,Female,63.0,Clothing,3.0,25.0,12.5,75.0,Sweater
1945,2022-04-19,09:55:00,33,Male,30.0,Beauty,1.0,25.0,10.75,25.0,Perfume
11,2022-02-27,10:30:00,151,Male,23.0,Clothing,2.0,50.0,23.5,100.0,Skirt
821,2022-11-23,11:27:00,40,Male,49.0,Electronics,1.0,300.0,129.0,300.0,Laptop
1011,2022-04-01,06:48:00,15,Male,23.0,Clothing,2.0,50.0,19.0,100.0,Dress
1821,2022-10-03,07:17:00,42,Male,49.0,Electronics,1.0,300.0,108.0,300.0,Keyboard
133,2022-06-23,09:01:00,70,Male,20.0,Electronics,3.0,300.0,87.0,900.0,Smartwatch
1133,2022-03-05,06:42:00,58,Male,20.0,Electronics,3.0,300.0,159.0,900.0,Headphones
16,2022-06-25,10:33:00,82,Male,19.0,Clothing,3.0,500.0,180.0,1500.0,Sweater
42,2022-12-08,08:29:00,63,Male,22.0,Clothing,3.0,300.0,147.0,900.0,Casual Shirt
292,2022-10-10,06:33:00,111,Male,20.0,Beauty,4.0,300.0,141.0,1200.0,Shampoo
416,2022-08-21,09:29:00,55,Male,53.0,Electronics,4.0,500.0,245.0,2000.0,Smartphone
584,2022-12-31,10:21:00,106,Female,27.0,Beauty,4.0,50.0,16.5,200.0,Foundation
861,2022-09-30,08:57:00,22,Female,41.0,Clothing,3.0,30.0,9.6,90.0,T-Shirt
1016,2022-12-12,07:39:00,52,Male,19.0,Clothing,3.0,500.0,200.0,1500.0,Jeans
1042,2022-02-11,06:21:00,7,Male,22.0,Clothing,3.0,300.0,150.0,900.0,Sneakers
1292,2022-05-15,08:20:00,88,Male,20.0,Beauty,4.0,300.0,90.0,1200.0,Perfume
1416,2022-12-29,10:47:00,111,Male,53.0,Electronics,4.0,500.0,125.0,2000.0,Wireless Mouse
1584,2022-09-03,11:07:00,62,Female,27.0,Beauty,4.0,50.0,16.5,200.0,Hair Serum
1861,2022-07-04,10:41:00,145,Female,41.0,Clothing,3.0,30.0,10.2,90.0,Sweater
256,2022-01-09,08:05:00,3,Male,23.0,Clothing,2.0,500.0,270.0,1000.0,Sneakers
1256,2022-11-05,09:58:00,29,Male,23.0,Clothing,2.0,500.0,190.0,1000.0,Skirt
44,2022-03-03,11:07:00,93,Female,22.0,Clothing,1.0,25.0,11.75,25.0,T-Shirt
257,2022-12-10,08:49:00,130,Male,19.0,Beauty,4.0,500.0,165.0,2000.0,Perfume
1044,2022-02-20,09:08:00,70,Female,22.0,Clothing,1.0,25.0,7.5,25.0,Skirt
1257,2022-05-10,11:55:00,29,Male,19.0,Beauty,4.0,500.0,255.0,2000.0,Face Cream
268,2022-04-14,08:26:00,93,Female,28.0,Electronics,1.0,30.0,8.7,30.0,Wireless Mouse
287,2022-08-26,11:07:00,88,Male,54.0,Clothing,4.0,25.0,10.0,100.0,Dress
966,2022-11-07,07:22:00,119,Male,60.0,Electronics,2.0,500.0,190.0,1000.0,Keyboard
1268,2022-06-09,09:33:00,15,Female,28.0,Electronics,1.0,30.0,14.1,30.0,Tablet
1287,2022-09-13,08:03:00,120,Male,54.0,Clothing,4.0,25.0,7.0,100.0,Skirt
1966,2022-07-20,09:52:00,74,Male,60.0,Electronics,2.0,500.0,200.0,1000.0,Power Bank
70,2022-12-27,10:48:00,147,Female,43.0,Clothing,1.0,300.0,84.0,300.0,Sweater
371,2022-12-18,10:01:00,32,Female,20.0,Beauty,1.0,25.0,13.0,25.0,Perfume
900,2022-11-10,08:41:00,130,Male,21.0,Clothing,2.0,30.0,15.6,60.0,Sneakers
1070,2022-07-14,11:12:00,102,Female,43.0,Clothing,1.0,300.0,120.0,300.0,Dress
1371,2022-05-06,06:52:00,41,Female,20.0,Beauty,1.0,25.0,13.5,25.0,Lipstick
1900,2022-01-21,06:43:00,65,Male,21.0,Clothing,2.0,30.0,10.8,60.0,T-Shirt
8,2022-12-27,11:19:00,148,Male,30.0,Electronics,4.0,25.0,11.0,100.0,Monitor
41,2022-10-11,10:36:00,88,Male,34.0,Clothing,2.0,25.0,13.25,50.0,Casual Shirt
454,2022-03-12,07:20:00,13,Female,46.0,Beauty,1.0,25.0,13.0,25.0,Face Cream
780,2022-07-06,11:30:00,107,Male,52.0,Electronics,2.0,25.0,13.25,50.0,Bluetooth Speaker
920,2022-08-20,10:25:00,99,Female,28.0,Beauty,3.0,25.0,6.75,75.0,Face Cream
1008,2022-01-10,08:51:00,116,Male,30.0,Electronics,4.0,25.0,13.0,100.0,Smartphone
1041,2022-05-10,07:27:00,74,Male,34.0,Clothing,2.0,25.0,11.0,50.0,Trousers
1454,2022-06-25,11:18:00,22,Female,46.0,Beauty,1.0,25.0,6.75,25.0,Hair Serum
1780,2022-12-11,10:00:00,32,Male,52.0,Electronics,2.0,25.0,10.5,50.0,Power Bank
1920,2022-10-24,08:33:00,23,Female,28.0,Beauty,3.0,25.0,9.25,75.0,Foundation
396,2022-12-15,07:11:00,29,Female,55.0,Beauty,1.0,30.0,10.8,30.0,Perfume
1396,2022-06-07,06:23:00,9,Female,55.0,Beauty,1.0,30.0,8.4,30.0,Face Cream
168,2022-04-29,09:20:00,138,Male,53.0,Clothing,1.0,300.0,102.0,300.0,Casual Shirt
400,2022-03-08,09:52:00,2,Male,53.0,Clothing,4.0,50.0,24.0,200.0,Jeans
611,2022-07-21,08:13:00,11,Male,51.0,Beauty,3.0,500.0,180.0,1500.0,Perfume
800,2022-09-19,07:33:00,111,Male,32.0,Clothing,4.0,300.0,87.0,1200.0,Jeans
1168,2022-07-10,07:56:00,68,Male,53.0,Clothing,1.0,300.0,150.0,300.0,Trousers
1400,2022-09-12,11:54:00,115,Male,53.0,Clothing,4.0,50.0,20.0,200.0,Jeans
1611,2022-11-17,07:30:00,125,Male,51.0,Beauty,3.0,500.0,180.0,1500.0,Lipstick
1800,2022-08-21,10:53:00,1,Male,32.0,Clothing,4.0,300.0,111.0,1200.0,Skirt
272,2022-06-10,11:57:00,112,Female,61.0,Electronics,2.0,50.0,27.5,100.0,Headphones
473,2022-09-25,10:09:00,1,Male,64.0,Beauty,1.0,50.0,14.5,50.0,Sunscreen
506,2022-04-29,07:13:00,9,Male,34.0,Beauty,3.0,500.0,200.0,1500.0,Lipstick
766,2022-01-04,08:02:00,128,Male,38.0,Electronics,3.0,300.0,165.0,900.0,Monitor
1272,2022-04-14,11:59:00,66,Female,61.0,Electronics,2.0,50.0,17.0,100.0,Monitor
1473,2022-03-19,09:06:00,30,Male,64.0,Beauty,1.0,50.0,13.0,50.0,Face Cream
1506,2022-01-09,07:31:00,52,Male,34.0,Beauty,3.0,500.0,245.0,1500.0,Sunscreen
1766,2022-11-22,06:08:00,6,Male,38.0,Electronics,3.0,300.0,129.0,900.0,Headphones
135,2022-04-18,07:22:00,104,Male,20.0,Clothing,2.0,25.0,13.0,50.0,Skirt
1135,2022-01-14,08:16:00,124,Male,20.0,Clothing,2.0,25.0,12.5,50.0,Trousers
2,2022-06-24,10:07:00,104,Female,26.0,Clothing,2.0,500.0,135.0,1000.0,Trousers
158,2022-01-21,11:38:00,141,Female,44.0,Electronics,2.0,300.0,132.0,600.0,Power Bank
185,2022-06-27,09:48:00,57,Male,24.0,Clothing,1.0,25.0,7.0,25.0,Hoodie
433,2022-07-29,08:48:00,144,Male,29.0,Beauty,4.0,50.0,20.0,200.0,Moisturizer
1002,2022-03-02,09:24:00,69,Female,26.0,Clothing,2.0,500.0,270.0,1000.0,Sneakers
1158,2022-02-24,09:29:00,77,Female,44.0,Electronics,2.0,300.0,138.0,600.0,Bluetooth Speaker
1185,2022-10-04,10:28:00,153,Male,24.0,Clothing,1.0,25.0,10.25,25.0,Sneakers
1433,2022-01-16,11:41:00,113,Male,29.0,Beauty,4.0,50.0,15.5,200.0,Moisturizer
152,2022-06-16,11:58:00,120,Male,43.0,Electronics,4.0,500.0,210.0,2000.0,Wireless Mouse
753,2022-07-06,10:07:00,70,Female,32.0,Clothing,1.0,30.0,15.9,30.0,Jacket
763,2022-04-23,09:43:00,58,Male,34.0,Clothing,2.0,25.0,11.5,50.0,Dress
932,2022-10-08,08:33:00,120,Female,45.0,Beauty,4.0,25.0,7.75,100.0,Hair Serum
1152,2022-12-26,07:48:00,87,Male,43.0,Electronics,4.0,500.0,170.0,2000.0,Bluetooth Speaker
1753,2022-07-17,07:40:00,28,Female,32.0,Clothing,1.0,30.0,10.5,30.0,Jeans
1763,2022-06-30,11:37:00,93,Male,34.0,Clothing,2.0,25.0,13.5,50.0,T-Shirt
1932,2022-11-08,07:07:00,96,Female,45.0,Beauty,4.0,25.0,6.25,100.0,Hair Serum
399,2022-12-07,09:25:00,136,Female,64.0,Beauty,2.0,30.0,12.9,60.0,Sunscreen
500,2022-10-14,06:11:00,120,Female,60.0,Beauty,4.0,25.0,11.5,100.0,Sunscreen
514,2022-11-04,08:35:00,139,Female,18.0,Electronics,1.0,300.0,96.0,300.0,Headphones
1399,2022-01-28,09:32:00,15,Female,64.0,Beauty,2.0,30.0,16.2,60.0,Shampoo
1500,2022-04-20,08:36:00,53,Female,60.0,Beauty,4.0,25.0,8.5,100.0,Foundation
1514,2022-07-12,10:55:00,59,Female,18.0,Electronics,1.0,300.0,75.0,300.0,Smartwatch
947,2022-07-31,07:09:00,4,Male,50.0,Beauty,1.0,300.0,129.0,300.0,Foundation
1947,2022-03-05,06:27:00,134,Male,50.0,Beauty,1.0,300.0,75.0,300.0,Moisturizer
220,2022-05-07,06:44:00,138,Male,64.0,Beauty,1.0,500.0,140.0,500.0,Perfume
339,2022-08-18,10:27:00,33,Female,22.0,Electronics,2.0,25.0,10.25,50.0,Bluetooth Speaker
785,2022-10-19,06:09:00,88,Female,31.0,Beauty,4.0,50.0,13.0,200.0,Shampoo
885,2022-09-17,10:10:00,121,Female,52.0,Clothing,4.0,30.0,14.4,120.0,Sneakers
888,2022-12-01,06:03:00,63,Female,52.0,Electronics,4.0,25.0,12.75,100.0,Bluetooth Speaker
1220,2022-06-29,11:16:00,47,Male,64.0,Beauty,1.0,500.0,240.0,500.0,Moisturizer
1339,2022-11-10,10:34:00,132,Female,22.0,Electronics,2.0,25.0,7.5,50.0,Laptop
1785,2022-02-20,11:17:00,144,Female,31.0,Beauty,4.0,50.0,17.0,200.0,Hair Serum
1885,2022-11-09,07:32:00,148,Female,52.0,Clothing,4.0,30.0,10.8,120.0,Casual Shirt
1888,2022-06-14,08:10:00,49,Female,52.0,Electronics,4.0,25.0,12.5,100.0,Tablet
621,2022-04-13,09:55:00,138,Female,40.0,Beauty,2.0,500.0,275.0,1000.0,Sunscreen
1621,2022-09-22,10:49:00,2,Female,40.0,Beauty,2.0,500.0,160.0,1000.0,Foundation
52,2022-09-19,09:42:00,55,Female,36.0,Beauty,1.0,300.0,111.0,300.0,Face Cream
536,2022-08-20,06:25:00,17,Female,55.0,Beauty,4.0,30.0,8.7,120.0,Foundation
1052,2022-02-12,06:12:00,94,Female,36.0,Beauty,1.0,300.0,120.0,300.0,Moisturizer
1536,2022-05-11,07:23:00,14,Female,55.0,Beauty,4.0,30.0,13.5,120.0,Shampoo
197,2022-04-03,11:57:00,14,Female,42.0,Clothing,4.0,50.0,25.5,200.0,Jacket
750,2022-11-13,07:33:00,69,Female,35.0,Clothing,3.0,25.0,8.75,75.0,Dress
910,2022-08-21,06:29:00,138,Female,20.0,Beauty,3.0,50.0,22.5,150.0,Shampoo
917,2022-02-15,11:50:00,120,Female,57.0,Electronics,4.0,50.0,16.5,200.0,Headphones
1197,2022-08-13,10:07:00,77,Female,42.0,Clothing,4.0,50.0,19.0,200.0,Casual Shirt
1750,2022-01-20,10:10:00,138,Female,35.0,Clothing,3.0,25.0,7.25,75.0,Jacket
1910,2022-10-09,06:22:00,141,Female,20.0,Beauty,3.0,50.0,18.0,150.0,Moisturizer
1917,2022-05-02,07:17:00,52,Female,57.0,Electronics,4.0,50.0,24.0,200.0,Tablet
198,2022-05-21,11:42:00,30,Female,54.0,Beauty,3.0,300.0,114.0,900.0,Sunscreen
444,2022-10-06,07:06:00,51,Female,61.0,Clothing,3.0,30.0,15.9,90.0,Sneakers
547,2022-11-14,07:36:00,3,Male,63.0,Clothing,4.0,500.0,250.0,2000.0,Hoodie
705,2022-09-30,07:28:00,37,Male,60.0,Electronics,2.0,25.0,6.25,50.0,Smartwatch
1198,2022-08-07,10:43:00,147,Female,54.0,Beauty,3.0,300.0,159.0,900.0,Moisturizer
1444,2022-04-29,06:18:00,135,Female,61.0,Clothing,3.0,30.0,14.1,90.0,Casual Shirt
1547,2022-08-11,06:39:00,142,Male,63.0,Clothing,4.0,500.0,235.0,2000.0,Sweater
1705,2022-08-14,08:32:00,94,Male,60.0,Electronics,2.0,25.0,8.75,50.0,Tablet
423,2022-07-18,06:06:00,41,Female,27.0,Clothing,1.0,25.0,11.75,25.0,T-Shirt
1423,2022-06-15,07:56:00,131,Female,27.0,Clothing,1.0,25.0,11.0,25.0,Jeans
248,2022-07-02,07:11:00,5,Male,26.0,Clothing,3.0,300.0,126.0,900.0,Skirt
360,2022-09-09,09:04:00,26,Male,42.0,Clothing,4.0,25.0,10.5,100.0,Dress
377,2022-09-13,08:30:00,141,Female,46.0,Clothing,4.0,50.0,18.0,200.0,T-Shirt
1248,2022-09-08,08:20:00,68,Male,26.0,Clothing,3.0,300.0,111.0,900.0,T-Shirt
1360,2022-06-18,09:31:00,93,Male,42.0,Clothing,4.0,25.0,6.25,100.0,Hoodie
1377,2022-03-21,07:52:00,71,Female,46.0,Clothing,4.0,50.0,14.0,200.0,Jacket
397,2023-10-26,08:06:00,59,Female,30.0,Beauty,1.0,25.0,10.5,25.0,Moisturizer
623,2023-11-15,10:00:00,39,Male,34.0,Clothing,3.0,50.0,26.0,150.0,Jacket
1397,2023-01-01,11:05:00,6,Female,30.0,Beauty,1.0,25.0,11.75,25.0,Hair Serum
1623,2023-03-05,06:14:00,76,Male,34.0,Clothing,3.0,50.0,22.0,150.0,Casual Shirt
717,2023-11-30,08:15:00,8,Male,57.0,Clothing,1.0,500.0,190.0,500.0,Skirt
1717,2023-01-12,09:40:00,21,Male,57.0,Clothing,1.0,500.0,175.0,500.0,Casual Shirt
130,2023-06-19,06:21:00,114,Female,57.0,Clothing,1.0,500.0,125.0,500.0,T-Shirt
658,2023-10-30,07:47:00,93,Male,59.0,Clothing,1.0,25.0,6.5,25.0,Jeans
1130,2023-02-20,09:03:00,28,Female,57.0,Clothing,1.0,500.0,180.0,500.0,Jeans
1658,2023-04-10,06:08:00,148,Male,59.0,Clothing,1.0,25.0,12.25,25.0,Jacket
7,2023-07-06,06:24:00,38,Male,46.0,Clothing,2.0,25.0,13.25,50.0,Casual Shirt
119,2023-09-01,09:11:00,127,Female,60.0,Clothing,3.0,50.0,27.5,150.0,T-Shirt
278,2023-12-22,11:42:00,71,Female,37.0,Clothing,4.0,25.0,13.5,100.0,Hoodie
1007,2023-06-09,10:09:00,15,Male,46.0,Clothing,2.0,25.0,11.5,50.0,Trousers
1119,2023-11-19,09:36:00,1,Female,60.0,Clothing,3.0,50.0,25.5,150.0,Casual Shirt
1278,2023-07-19,06:19:00,28,Female,37.0,Clothing,4.0,25.0,6.75,100.0,Jacket
117,2023-08-04,11:38:00,8,Male,19.0,Electronics,2.0,500.0,230.0,1000.0,Wireless Mouse
1117,2023-09-11,07:48:00,144,Male,19.0,Electronics,2.0,500.0,210.0,1000.0,Laptop
442,2023-06-30,11:07:00,24,Female,60.0,Clothing,4.0,25.0,13.25,100.0,T-Shirt
590,2023-05-04,11:52:00,151,Male,36.0,Clothing,3.0,300.0,135.0,900.0,Dress
607,2023-05-05,09:33:00,109,Male,54.0,Clothing,3.0,25.0,13.25,75.0,Hoodie
1442,2023-02-16,11:02:00,96,Female,60.0,Clothing,4.0,25.0,11.25,100.0,T-Shirt
1590,2023-08-10,09:39:00,142,Male,36.0,Clothing,3.0,300.0,147.0,900.0,Hoodie
1607,2023-01-16,10:18:00,53,Male,54.0,Clothing,3.0,25.0,7.75,75.0,Sneakers
436,2023-10-22,11:54:00,21,Female,57.0,Clothing,4.0,30.0,13.5,120.0,Sneakers
942,2023-12-01,09:22:00,35,Male,51.0,Clothing,3.0,500.0,160.0,1500.0,Jeans
1436,2023-01-20,11:29:00,1,Female,57.0,Clothing,4.0,30.0,9.9,120.0,Hoodie
1942,2023-09-16,11:53:00,112,Male,51.0,Clothing,3.0,500.0,265.0,1500.0,Casual Shirt
659,2023-06-09,06:08:00,75,Female,39.0,Electronics,1.0,30.0,8.1,30.0,Wireless Mouse
941,2023-04-28,09:58:00,39,Female,57.0,Clothing,2.0,25.0,6.5,50.0,Trousers
1659,2023-07-27,09:29:00,22,Female,39.0,Electronics,1.0,30.0,9.0,30.0,Laptop
1941,2023-01-06,06:14:00,48,Female,57.0,Clothing,2.0,25.0,12.0,50.0,Sneakers
136,2023-12-26,08:59:00,25,Male,44.0,Electronics,2.0,300.0,141.0,600.0,Laptop
175,2023-01-25,10:02:00,23,Female,31.0,Electronics,4.0,25.0,12.5,100.0,Laptop
663,2023-08-16,06:32:00,133,Male,23.0,Clothing,4.0,300.0,87.0,1200.0,Skirt
748,2023-03-01,09:35:00,132,Male,25.0,Clothing,3.0,50.0,24.0,150.0,T-Shirt
806,2023-01-22,08:08:00,14,Female,35.0,Beauty,3.0,300.0,165.0,900.0,Perfume
1136,2023-07-02,08:41:00,93,Male,44.0,Electronics,2.0,300.0,81.0,600.0,Bluetooth Speaker
1175,2023-06-02,06:38:00,103,Female,31.0,Electronics,4.0,25.0,11.5,100.0,Wireless Mouse
1663,2023-12-07,07:04:00,33,Male,23.0,Clothing,4.0,300.0,81.0,1200.0,Sneakers
1748,2023-03-02,10:24:00,119,Male,25.0,Clothing,3.0,50.0,15.5,150.0,Dress
1806,2023-06-14,10:13:00,61,Female,35.0,Beauty,3.0,300.0,102.0,900.0,Perfume
38,2023-02-25,11:39:00,147,Male,38.0,Beauty,4.0,50.0,26.0,200.0,Shampoo
313,2023-12-16,10:03:00,11,Female,55.0,Beauty,3.0,500.0,140.0,1500.0,Face Wash
402,2023-07-12,08:45:00,63,Female,41.0,Clothing,2.0,300.0,135.0,600.0,T-Shirt
459,2023-05-23,07:12:00,122,Male,28.0,Clothing,4.0,300.0,75.0,1200.0,Sweater
1038,2023-12-30,09:09:00,11,Male,38.0,Beauty,4.0,50.0,20.5,200.0,Lipstick
1313,2023-06-04,09:22:00,10,Female,55.0,Beauty,3.0,500.0,170.0,1500.0,Lipstick
1402,2023-06-24,06:47:00,110,Female,41.0,Clothing,2.0,300.0,156.0,600.0,Sweater
1459,2023-11-10,06:46:00,13,Male,28.0,Clothing,4.0,300.0,144.0,1200.0,Hoodie
161,2023-07-01,06:58:00,104,Male,64.0,Beauty,2.0,500.0,195.0,1000.0,Moisturizer
328,2023-10-29,06:56:00,9,Male,39.0,Beauty,2.0,50.0,27.0,100.0,Lipstick
383,2023-03-24,08:53:00,64,Female,46.0,Beauty,3.0,30.0,7.8,90.0,Lipstick
973,2023-09-03,08:44:00,51,Male,60.0,Clothing,1.0,50.0,13.0,50.0,T-Shirt
978,2023-07-27,09:58:00,16,Female,53.0,Clothing,3.0,50.0,19.0,150.0,Sneakers
1161,2023-06-29,11:06:00,30,Male,64.0,Beauty,2.0,500.0,160.0,1000.0,Face Wash
1328,2023-12-10,07:49:00,60,Male,39.0,Beauty,2.0,50.0,24.5,100.0,Body Lotion
1383,2023-09-06,09:13:00,68,Female,46.0,Beauty,3.0,30.0,14.1,90.0,Moisturizer
1973,2023-08-19,10:10:00,22,Male,60.0,Clothing,1.0,50.0,21.5,50.0,Jeans
1978,2023-08-31,11:59:00,41,Female,53.0,Clothing,3.0,50.0,15.5,150.0,Dress
33,2023-12-24,07:40:00,33,Female,50.0,Electronics,2.0,50.0,21.0,100.0,Bluetooth Speaker
138,2023-04-27,10:56:00,127,Male,49.0,Clothing,4.0,50.0,26.5,200.0,Casual Shirt
471,2023-03-08,10:21:00,136,Male,32.0,Clothing,3.0,50.0,13.0,150.0,Skirt
636,2023-05-09,06:15:00,60,Female,21.0,Beauty,3.0,500.0,230.0,1500.0,Foundation
1033,2023-04-12,06:52:00,32,Female,50.0,Electronics,2.0,50.0,19.0,100.0,Bluetooth Speaker
1138,2023-10-16,11:59:00,27,Male,49.0,Clothing,4.0,50.0,14.5,200.0,T-Shirt
1471,2023-06-25,10:34:00,30,Male,32.0,Clothing,3.0,50.0,13.0,150.0,Jeans
1636,2023-07-22,11:26:00,50,Female,21.0,Beauty,3.0,500.0,150.0,1500.0,Moisturizer
177,2023-03-24,08:40:00,30,Male,45.0,Beauty,2.0,50.0,26.5,100.0,Perfume
426,2023-12-13,08:11:00,137,Male,23.0,Electronics,3.0,50.0,12.5,150.0,Monitor
1177,2023-02-20,09:19:00,89,Male,45.0,Beauty,2.0,50.0,15.0,100.0,Moisturizer
1426,2023-12-12,11:32:00,114,Male,23.0,Electronics,3.0,50.0,25.0,150.0,Smartphone
76,2023-09-09,07:33:00,70,Female,22.0,Electronics,2.0,50.0,14.5,100.0,Headphones
91,2023-04-14,06:31:00,152,Female,55.0,Electronics,1.0,500.0,235.0,500.0,Monitor
461,2023-07-18,10:33:00,21,Female,18.0,Beauty,2.0,500.0,265.0,1000.0,Face Wash
764,2023-11-07,08:46:00,47,Female,40.0,Clothing,1.0,25.0,11.25,25.0,Hoodie
1076,2023-07-14,11:09:00,99,Female,22.0,Electronics,2.0,50.0,15.0,100.0,Bluetooth Speaker
1091,2023-07-15,08:46:00,139,Female,55.0,Electronics,1.0,500.0,235.0,500.0,Wireless Mouse
1461,2023-05-01,08:43:00,63,Female,18.0,Beauty,2.0,500.0,180.0,1000.0,Sunscreen
1764,2023-11-02,11:04:00,13,Female,40.0,Clothing,1.0,25.0,11.75,25.0,Casual Shirt
202,2023-01-25,06:24:00,61,Female,34.0,Clothing,4.0,300.0,120.0,1200.0,Jeans
301,2023-07-30,10:58:00,104,Male,30.0,Clothing,4.0,30.0,9.6,120.0,Skirt
703,2023-07-31,09:56:00,140,Male,34.0,Electronics,2.0,50.0,18.5,100.0,Monitor
1202,2023-11-13,06:56:00,89,Female,34.0,Clothing,4.0,300.0,144.0,1200.0,Sneakers
1301,2023-09-24,09:58:00,70,Male,30.0,Clothing,4.0,30.0,10.5,120.0,Dress
1703,2023-06-10,08:36:00,2,Male,34.0,Electronics,2.0,50.0,17.0,100.0,Smartphone
294,2023-10-09,09:24:00,89,Female,23.0,Clothing,3.0,30.0,15.3,90.0,Skirt
760,2023-06-26,07:59:00,14,Male,27.0,Beauty,1.0,500.0,125.0,500.0,Face Cream
1294,2023-01-24,11:24:00,8,Female,23.0,Clothing,3.0,30.0,10.5,90.0,Casual Shirt
1760,2023-08-23,07:26:00,44,Male,27.0,Beauty,1.0,500.0,230.0,500.0,Foundation
575,2023-12-12,10:29:00,14,Male,60.0,Clothing,2.0,50.0,23.0,100.0,Sneakers
1575,2023-07-28,11:54:00,26,Male,60.0,Clothing,2.0,50.0,22.5,100.0,Hoodie
88,2023-02-16,08:31:00,122,Male,56.0,Clothing,1.0,500.0,185.0,500.0,Skirt
1088,2023-09-14,07:00:00,6,Male,56.0,Clothing,1.0,500.0,155.0,500.0,Jeans
975,2023-01-09,07:41:00,145,Female,56.0,Clothing,4.0,50.0,19.5,200.0,Hoodie
1975,2023-08-21,10:48:00,63,Female,56.0,Clothing,4.0,50.0,25.5,200.0,Trousers
553,2023-03-20,06:17:00,106,Male,24.0,Clothing,4.0,300.0,81.0,1200.0,Hoodie
1553,2023-01-29,08:46:00,42,Male,24.0,Clothing,4.0,300.0,99.0,1200.0,Jeans
462,2023-08-26,10:04:00,71,Male,63.0,Electronics,4.0,300.0,132.0,1200.0,Tablet
614,2023-02-13,06:28:00,61,Female,39.0,Beauty,4.0,300.0,120.0,1200.0,Foundation
808,2023-11-22,07:18:00,30,Male,33.0,Beauty,4.0,500.0,195.0,2000.0,Moisturizer
1462,2023-11-13,10:42:00,124,Male,63.0,Electronics,4.0,300.0,114.0,1200.0,Wireless Mouse
1614,2023-08-23,11:37:00,135,Female,39.0,Beauty,4.0,300.0,105.0,1200.0,Body Lotion
1808,2023-02-12,10:48:00,109,Male,33.0,Beauty,4.0,500.0,210.0,2000.0,Face Wash
166,2023-01-28,11:42:00,32,Male,34.0,Clothing,4.0,500.0,225.0,2000.0,Dress
465,2023-02-22,11:52:00,40,Female,43.0,Electronics,3.0,50.0,15.5,150.0,Power Bank
502,2023-07-22,11:00:00,31,Male,43.0,Electronics,3.0,50.0,22.5,150.0,Laptop
905,2023-10-01,06:27:00,96,Male,58.0,Beauty,1.0,300.0,111.0,300.0,Lipstick
1166,2023-07-19,07:45:00,65,Male,34.0,Clothing,4.0,500.0,245.0,2000.0,Skirt
1465,2023-04-17,09:36:00,131,Female,43.0,Electronics,3.0,50.0,26.0,150.0,Wireless Mouse
1502,2023-04-08,08:30:00,152,Male,43.0,Electronics,3.0,50.0,18.0,150.0,Laptop
1905,2023-08-29,06:07:00,26,Male,58.0,Beauty,1.0,300.0,102.0,300.0,Sunscreen
280,2023-11-17,09:35:00,76,Female,37.0,Clothing,3.0,500.0,240.0,1500.0,Trousers
719,2023-07-02,07:19:00,37,Female,42.0,Clothing,2.0,30.0,12.0,60.0,Dress
834,2023-11-26,06:55:00,13,Female,56.0,Beauty,2.0,30.0,14.7,60.0,Face Wash
1280,2023-08-24,09:15:00,116,Female,37.0,Clothing,3.0,500.0,255.0,1500.0,Casual Shirt
1719,2023-12-28,07:29:00,4,Female,42.0,Clothing,2.0,30.0,10.8,60.0,T-Shirt
1834,2023-04-14,06:53:00,102,Female,56.0,Beauty,2.0,30.0,12.9,60.0,Moisturizer
891,2023-01-09,06:43:00,24,Male,41.0,Electronics,3.0,300.0,99.0,900.0,Tablet
928,2023-11-05,10:20:00,54,Female,35.0,Clothing,4.0,300.0,90.0,1200.0,Sneakers
1891,2023-12-22,06:11:00,81,Male,41.0,Electronics,3.0,300.0,105.0,900.0,Wireless Mouse
1928,2023-07-29,06:39:00,93,Female,35.0,Clothing,4.0,300.0,75.0,1200.0,Trousers
332,2023-04-24,11:28:00,138,Male,58.0,Electronics,4.0,300.0,105.0,1200.0,Monitor
1332,2023-12-04,10:02:00,146,Male,58.0,Electronics,4.0,300.0,123.0,1200.0,Bluetooth Speaker
255,2023-10-15,11:44:00,19,Male,48.0,Clothing,1.0,30.0,14.7,30.0,Sweater
275,2023-03-05,11:34:00,2,Male,43.0,Clothing,2.0,500.0,260.0,1000.0,Sweater
314,2023-10-15,07:37:00,1,Male,52.0,Clothing,4.0,30.0,7.8,120.0,Sweater
517,2023-08-20,08:54:00,3,Female,47.0,Clothing,4.0,25.0,9.25,100.0,Sneakers
847,2023-01-10,08:42:00,2,Female,18.0,Electronics,4.0,300.0,162.0,1200.0,Power Bank
1255,2023-01-20,07:08:00,4,Male,48.0,Clothing,1.0,30.0,7.8,30.0,Sweater
1275,2023-03-02,08:48:00,5,Male,43.0,Clothing,2.0,500.0,250.0,1000.0,Jacket
1314,2023-05-23,10:26:00,2,Male,52.0,Clothing,4.0,30.0,16.2,120.0,Jeans
1517,2023-02-21,08:46:00,2,Female,47.0,Clothing,4.0,25.0,6.75,100.0,Dress
1847,2023-07-28,07:14:00,5,Female,18.0,Electronics,4.0,300.0,123.0,1200.0,Power Bank
61,2023-07-07,11:47:00,4,Male,21.0,Beauty,4.0,50.0,20.0,200.0,Sunscreen
274,2023-04-14,07:12:00,4,Female,23.0,Clothing,2.0,500.0,150.0,1000.0,Hoodie
486,2023-12-02,09:47:00,4,Female,35.0,Electronics,1.0,25.0,6.5,25.0,Headphones
548,2023-04-14,07:00:00,4,Female,51.0,Clothing,2.0,30.0,15.6,60.0,Sneakers
886,2023-12-11,11:25:00,4,Male,37.0,Electronics,3.0,300.0,165.0,900.0,Tablet
892,2023-09-13,11:39:00,1,Male,20.0,Electronics,1.0,50.0,24.0,50.0,Smartwatch
1061,2023-09-18,07:56:00,3,Male,21.0,Beauty,4.0,50.0,12.5,200.0,Lipstick
1274,2023-10-06,09:01:00,2,Female,23.0,Clothing,2.0,500.0,185.0,1000.0,Jacket
1486,2023-11-22,08:58:00,4,Female,35.0,Electronics,1.0,25.0,8.75,25.0,Smartphone
1548,2023-01-13,08:15:00,1,Female,51.0,Clothing,2.0,30.0,12.6,60.0,T-Shirt
1886,2023-07-26,11:51:00,1,Male,37.0,Electronics,3.0,300.0,147.0,900.0,Smartwatch
1892,2023-10-01,07:22:00,3,Male,20.0,Electronics,1.0,50.0,23.5,50.0,Keyboard
601,2023-06-05,09:23:00,5,Male,19.0,Clothing,1.0,30.0,13.2,30.0,Trousers
901,2023-08-02,06:38:00,2,Male,31.0,Electronics,1.0,30.0,12.0,30.0,Headphones
1601,2023-09-14,11:48:00,1,Male,19.0,Clothing,1.0,30.0,13.5,30.0,Sweater
1901,2023-11-29,11:05:00,4,Male,31.0,Electronics,1.0,30.0,8.4,30.0,Wireless Mouse
527,2023-04-21,11:35:00,1,Male,57.0,Clothing,2.0,25.0,11.5,50.0,Trousers
1527,2023-09-29,08:30:00,1,Male,57.0,Clothing,2.0,25.0,11.75,50.0,Sneakers
23,2023-09-28,07:05:00,4,Female,35.0,Clothing,4.0,30.0,14.7,120.0,Skirt
174,2023-11-15,06:07:00,2,Female,39.0,Beauty,1.0,300.0,126.0,300.0,Hair Serum
589,2023-07-08,07:11:00,5,Female,36.0,Beauty,2.0,500.0,145.0,1000.0,Face Wash
774,2023-11-06,09:04:00,2,Female,40.0,Clothing,2.0,25.0,6.5,50.0,Sneakers
1000,2023-04-01,10:22:00,1,Male,47.0,Electronics,4.0,30.0,8.4,120.0,Laptop
1023,2023-05-23,08:40:00,5,Female,35.0,Clothing,4.0,30.0,8.1,120.0,T-Shirt
1174,2023-05-17,06:55:00,2,Female,39.0,Beauty,1.0,300.0,132.0,300.0,Shampoo
1589,2023-07-01,06:30:00,5,Female,36.0,Beauty,2.0,500.0,145.0,1000.0,Face Wash
1774,2023-03-09,06:48:00,2,Female,40.0,Clothing,2.0,25.0,8.0,50.0,Sneakers
2000,2023-03-31,06:38:00,4,Male,47.0,Electronics,4.0,30.0,10.8,120.0,Laptop
210,2023-10-07,08:50:00,2,Male,37.0,Electronics,4.0,50.0,19.0,200.0,Power Bank
478,2023-07-24,11:13:00,3,Female,58.0,Clothing,2.0,30.0,8.1,60.0,Sweater
745,2023-08-14,07:30:00,3,Male,54.0,Beauty,2.0,50.0,17.0,100.0,Face Cream
1210,2023-03-10,10:02:00,5,Male,37.0,Electronics,4.0,50.0,12.5,200.0,Power Bank
1478,2023-08-31,09:18:00,1,Female,58.0,Clothing,2.0,30.0,13.5,60.0,Sneakers
1745,2023-09-28,10:38:00,4,Male,54.0,Beauty,2.0,50.0,21.0,100.0,Shampoo
354,2023-12-16,07:58:00,5,Female,49.0,Beauty,4.0,50.0,24.5,200.0,Hair Serum
408,2023-12-22,08:18:00,4,Female,64.0,Beauty,1.0,500.0,140.0,500.0,Perfume
1354,2023-09-17,09:34:00,5,Female,49.0,Beauty,4.0,50.0,26.5,200.0,Hair Serum
1408,2023-08-28,08:17:00,2,Female,64.0,Beauty,1.0,500.0,250.0,500.0,Foundation
674,2023-03-30,11:10:00,2,Female,38.0,Clothing,1.0,300.0,84.0,300.0,Casual Shirt
1674,2023-11-22,09:21:00,1,Female,38.0,Clothing,1.0,300.0,123.0,300.0,Trousers
967,2023-08-04,10:13:00,4,Male,62.0,Beauty,1.0,25.0,13.25,25.0,Body Lotion
1967,2023-02-23,08:28:00,4,Male,62.0,Beauty,1.0,25.0,12.25,25.0,Hair Serum
79,2023-04-13,10:15:00,1,Male,34.0,Beauty,1.0,300.0,96.0,300.0,Sunscreen
406,2023-04-01,11:50:00,3,Female,22.0,Beauty,4.0,25.0,11.0,100.0,Foundation
450,2023-12-01,06:35:00,2,Female,59.0,Beauty,2.0,25.0,11.0,50.0,Face Wash
562,2023-11-09,09:26:00,3,Male,54.0,Electronics,2.0,25.0,7.25,50.0,Power Bank
1079,2023-08-21,06:45:00,1,Male,34.0,Beauty,1.0,300.0,117.0,300.0,Hair Serum
1406,2023-06-22,08:45:00,2,Female,22.0,Beauty,4.0,25.0,10.0,100.0,Perfume
1450,2023-07-16,08:52:00,1,Female,59.0,Beauty,2.0,25.0,10.25,50.0,Hair Serum
1562,2023-11-26,10:21:00,5,Male,54.0,Electronics,2.0,25.0,12.75,50.0,Keyboard
108,2023-01-24,09:38:00,5,Female,27.0,Beauty,3.0,25.0,13.5,75.0,Moisturizer
111,2023-04-15,09:45:00,5,Female,34.0,Electronics,3.0,500.0,130.0,1500.0,Smartwatch
207,2023-08-06,08:34:00,3,Female,42.0,Beauty,2.0,25.0,10.25,50.0,Moisturizer
724,2023-06-14,06:56:00,3,Male,61.0,Clothing,3.0,50.0,20.0,150.0,Casual Shirt
836,2023-06-21,06:32:00,2,Female,22.0,Clothing,1.0,50.0,27.5,50.0,Sweater
969,2023-11-27,11:47:00,2,Female,40.0,Clothing,3.0,300.0,84.0,900.0,Sneakers
1108,2023-07-08,10:27:00,1,Female,27.0,Beauty,3.0,25.0,10.0,75.0,Moisturizer
1111,2023-04-30,21:34:00,2,Female,34.0,Electronics,3.0,500.0,185.0,1500.0,Keyboard
1207,2023-06-30,21:48:00,3,Female,42.0,Beauty,2.0,25.0,10.0,50.0,Shampoo
1724,2023-09-15,20:53:00,4,Male,61.0,Clothing,3.0,50.0,17.0,150.0,Dress
1836,2023-02-13,17:19:00,3,Female,22.0,Clothing,1.0,50.0,23.5,50.0,Sneakers
1969,2023-03-05,19:34:00,4,Female,40.0,Clothing,3.0,300.0,126.0,900.0,Dress
246,2023-12-07,20:05:00,4,Female,48.0,Electronics,2.0,25.0,13.25,50.0,Bluetooth Speaker
298,2023-10-05,19:05:00,3,Male,27.0,Beauty,4.0,300.0,84.0,1200.0,Body Lotion
374,2023-10-27,17:45:00,4,Female,59.0,Beauty,3.0,25.0,7.75,75.0,Foundation
572,2023-12-13,18:33:00,5,Male,31.0,Clothing,4.0,500.0,185.0,2000.0,Jeans
665,2023-10-03,22:49:00,1,Male,57.0,Clothing,1.0,50.0,19.0,50.0,Jacket
1246,2023-04-26,22:54:00,3,Female,48.0,Electronics,2.0,25.0,11.5,50.0,Laptop
1298,2023-05-02,19:51:00,1,Male,27.0,Beauty,4.0,300.0,120.0,1200.0,Lipstick
1374,2023-03-23,22:03:00,3,Female,59.0,Beauty,3.0,25.0,8.25,75.0,Face Wash
1572,2023-06-18,22:20:00,1,Male,31.0,Clothing,4.0,500.0,175.0,2000.0,Jacket
1665,2023-11-01,19:38:00,4,Male,57.0,Clothing,1.0,50.0,14.0,50.0,Sneakers
39,2023-07-11,22:44:00,5,Male,23.0,Clothing,4.0,30.0,8.7,120.0,Jeans
893,2023-04-29,18:52:00,1,Male,49.0,Electronics,1.0,50.0,17.0,50.0,Wireless Mouse
1039,2023-12-03,20:01:00,1,Male,23.0,Clothing,4.0,30.0,13.8,120.0,Skirt
1893,2023-02-25,17:04:00,3,Male,49.0,Electronics,1.0,50.0,22.5,50.0,Bluetooth Speaker
17,2023-02-25,21:08:00,3,Female,27.0,Clothing,4.0,25.0,13.0,100.0,Casual Shirt
316,2023-02-01,17:25:00,3,Female,48.0,Clothing,2.0,25.0,13.75,50.0,Sweater
755,2023-11-27,20:07:00,1,Female,58.0,Clothing,3.0,25.0,6.75,75.0,Skirt
1017,2023-09-05,18:41:00,2,Female,27.0,Clothing,4.0,25.0,12.0,100.0,T-Shirt
1316,2023-07-21,17:11:00,1,Female,48.0,Clothing,2.0,25.0,11.75,50.0,Sneakers
1755,2023-05-23,21:47:00,2,Female,58.0,Clothing,3.0,25.0,8.0,75.0,Skirt
28,2023-12-11,22:34:00,3,Female,43.0,Beauty,1.0,500.0,150.0,500.0,Face Wash
98,2023-04-09,19:41:00,1,Female,55.0,Beauty,2.0,50.0,19.5,100.0,Sunscreen
129,2023-04-17,17:42:00,1,Female,21.0,Beauty,2.0,300.0,75.0,600.0,Face Cream
230,2023-03-26,17:44:00,5,Male,54.0,Beauty,1.0,25.0,12.5,25.0,Sunscreen
613,2023-05-08,17:23:00,2,Female,52.0,Clothing,3.0,30.0,11.4,90.0,Skirt
691,2023-05-12,21:09:00,5,Female,51.0,Clothing,3.0,30.0,14.7,90.0,Sweater
693,2023-06-08,17:12:00,1,Male,41.0,Beauty,3.0,500.0,270.0,1500.0,Face Cream
1028,2023-03-09,18:09:00,1,Female,43.0,Beauty,1.0,500.0,250.0,500.0,Body Lotion
1098,2023-07-06,22:34:00,3,Female,55.0,Beauty,2.0,50.0,19.5,100.0,Moisturizer
1129,2023-09-08,21:46:00,1,Female,21.0,Beauty,2.0,300.0,156.0,600.0,Face Wash
1230,2023-12-04,21:24:00,1,Male,54.0,Beauty,1.0,25.0,13.25,25.0,Face Wash
1613,2023-12-14,21:58:00,4,Female,52.0,Clothing,3.0,30.0,9.9,90.0,Casual Shirt
1691,2023-01-07,20:01:00,1,Female,51.0,Clothing,3.0,30.0,13.5,90.0,Casual Shirt
1693,2023-02-20,18:21:00,1,Male,41.0,Beauty,3.0,500.0,130.0,1500.0,Sunscreen
477,2023-12-03,17:24:00,3,Male,43.0,Clothing,4.0,30.0,16.2,120.0,Sneakers
863,2023-11-12,22:40:00,4,Female,30.0,Electronics,2.0,25.0,11.25,50.0,Keyboard
1477,2023-01-08,21:59:00,3,Male,43.0,Clothing,4.0,30.0,15.6,120.0,Sneakers
1863,2023-05-26,22:33:00,4,Female,30.0,Electronics,2.0,25.0,10.0,50.0,Tablet
6,2023-11-15,22:16:00,2,Female,45.0,Beauty,1.0,30.0,15.0,30.0,Face Wash
483,2023-02-06,17:25:00,2,Male,55.0,Clothing,1.0,30.0,8.4,30.0,Sweater
738,2023-02-05,18:24:00,5,Male,41.0,Clothing,2.0,50.0,26.0,100.0,T-Shirt
1006,2023-10-29,19:23:00,2,Female,45.0,Beauty,1.0,30.0,14.1,30.0,Face Wash
1483,2023-03-05,19:53:00,1,Male,55.0,Clothing,1.0,30.0,8.7,30.0,Hoodie
1738,2023-11-12,21:33:00,1,Male,41.0,Clothing,2.0,50.0,16.0,100.0,Skirt
222,2023-01-07,18:56:00,4,Male,51.0,Clothing,4.0,30.0,10.5,120.0,Jacket
588,2023-10-18,17:54:00,5,Male,38.0,Electronics,2.0,30.0,13.8,60.0,Keyboard
953,2023-07-02,17:58:00,1,Male,45.0,Beauty,3.0,30.0,12.6,90.0,Perfume
1222,2023-09-17,18:15:00,3,Male,51.0,Clothing,4.0,30.0,11.1,120.0,Trousers
1588,2023-06-25,21:29:00,4,Male,38.0,Electronics,2.0,30.0,13.2,60.0,Power Bank
1953,2023-05-15,17:34:00,3,Male,45.0,Beauty,3.0,30.0,10.2,90.0,Face Cream
66,2023-06-18,22:49:00,3,Female,45.0,Electronics,1.0,30.0,9.0,30.0,Wireless Mouse
482,2023-08-12,18:57:00,3,Female,28.0,Clothing,4.0,300.0,141.0,1200.0,Trousers
903,2023-07-27,22:14:00,3,Female,51.0,Beauty,4.0,50.0,14.0,200.0,Sunscreen
1066,2023-10-06,18:11:00,4,Female,45.0,Electronics,1.0,30.0,8.4,30.0,Smartphone
1482,2023-02-10,22:22:00,1,Female,28.0,Clothing,4.0,300.0,114.0,1200.0,Jeans
1903,2023-07-27,21:44:00,5,Female,51.0,Beauty,4.0,50.0,19.0,200.0,Face Wash
102,2023-04-17,21:34:00,5,Female,47.0,Beauty,2.0,25.0,7.25,50.0,Perfume
228,2023-04-03,20:26:00,4,Female,59.0,Electronics,2.0,30.0,10.8,60.0,Keyboard
236,2023-04-01,22:18:00,5,Female,54.0,Clothing,1.0,25.0,6.5,25.0,Jacket
1102,2023-08-21,18:04:00,5,Female,47.0,Beauty,2.0,25.0,6.5,50.0,Face Cream
1228,2023-06-24,21:37:00,5,Female,59.0,Electronics,2.0,30.0,11.4,60.0,Tablet
1236,2023-08-09,18:19:00,4,Female,54.0,Clothing,1.0,25.0,8.75,25.0,Skirt
660,2023-07-29,18:46:00,2,Female,38.0,Beauty,2.0,500.0,270.0,1000.0,Body Lotion
884,2023-02-18,20:31:00,1,Female,26.0,Clothing,2.0,30.0,7.5,60.0,Sneakers
987,2023-11-08,18:45:00,1,Female,30.0,Clothing,3.0,300.0,165.0,900.0,Sweater
1660,2023-09-23,20:27:00,2,Female,38.0,Beauty,2.0,500.0,160.0,1000.0,Body Lotion
1884,2023-07-09,21:45:00,2,Female,26.0,Clothing,2.0,30.0,11.4,60.0,Hoodie
1987,2023-05-26,18:18:00,2,Female,30.0,Clothing,3.0,300.0,129.0,900.0,Skirt
18,2023-09-06,19:13:00,5,Female,47.0,Electronics,2.0,25.0,12.5,50.0,Tablet
69,2023-11-14,22:44:00,1,Female,56.0,Beauty,3.0,25.0,8.5,75.0,Face Wash
995,2023-03-04,22:38:00,4,Female,41.0,Clothing,1.0,30.0,9.9,30.0,Dress
1018,2023-07-06,19:13:00,4,Female,47.0,Electronics,2.0,25.0,13.0,50.0,Headphones
1069,2023-10-13,19:05:00,2,Female,56.0,Beauty,3.0,25.0,6.75,75.0,Hair Serum
1995,2023-12-10,22:18:00,5,Female,41.0,Clothing,1.0,30.0,14.7,30.0,T-Shirt
337,2023-08-22,17:56:00,1,Male,38.0,Clothing,1.0,500.0,275.0,500.0,Casual Shirt
585,2023-06-06,21:49:00,3,Female,24.0,Clothing,1.0,25.0,13.75,25.0,T-Shirt
652,2023-10-31,17:05:00,4,Female,34.0,Beauty,2.0,50.0,20.5,100.0,Body Lotion
1337,2023-07-21,19:56:00,2,Male,38.0,Clothing,1.0,500.0,225.0,500.0,Sneakers
1585,2023-10-05,20:00:00,2,Female,24.0,Clothing,1.0,25.0,7.25,25.0,Jeans
1652,2023-11-16,20:00:00,2,Female,34.0,Beauty,2.0,50.0,20.5,100.0,Face Cream
242,2023-10-01,18:28:00,1,Male,21.0,Clothing,1.0,25.0,8.0,25.0,T-Shirt
293,2023-05-27,19:04:00,4,Male,50.0,Electronics,3.0,30.0,9.6,90.0,Smartwatch
460,2023-05-01,23:00:00,2,Male,40.0,Beauty,1.0,50.0,19.0,50.0,Lipstick
1242,2023-11-27,18:32:00,5,Male,21.0,Clothing,1.0,25.0,11.25,25.0,T-Shirt
1293,2023-07-01,18:52:00,3,Male,50.0,Electronics,3.0,30.0,14.1,90.0,Monitor
1460,2023-01-25,19:42:00,4,Male,40.0,Beauty,1.0,50.0,22.0,50.0,Perfume
188,2023-08-31,18:50:00,3,Male,40.0,Clothing,3.0,25.0,8.5,75.0,Sneakers
357,2023-05-18,18:57:00,4,Female,40.0,Electronics,3.0,25.0,7.5,75.0,Laptop
646,2023-05-26,21:02:00,3,Male,38.0,Clothing,3.0,30.0,13.5,90.0,Sweater
749,2023-07-26,20:33:00,2,Male,42.0,Beauty,1.0,30.0,8.4,30.0,Shampoo
974,2023-12-28,18:39:00,3,Male,47.0,Beauty,1.0,30.0,11.7,30.0,Sunscreen
1188,2023-06-04,22:43:00,2,Male,40.0,Clothing,3.0,25.0,10.75,75.0,Sneakers
1357,2023-03-20,19:14:00,3,Female,40.0,Electronics,3.0,25.0,11.5,75.0,Keyboard
1646,2023-01-18,19:43:00,1,Male,38.0,Clothing,3.0,30.0,15.6,90.0,Dress
1749,2023-05-07,19:55:00,2,Male,42.0,Beauty,1.0,30.0,9.0,30.0,Body Lotion
1974,2023-02-19,20:20:00,3,Male,47.0,Beauty,1.0,30.0,12.9,30.0,Perfume
190,2023-01-25,17:56:00,2,Female,60.0,Beauty,3.0,30.0,10.5,90.0,Sunscreen
849,2023-06-25,19:33:00,5,Male,32.0,Clothing,2.0,25.0,12.5,50.0,Trousers
853,2023-05-14,22:29:00,3,Male,21.0,Beauty,2.0,500.0,155.0,1000.0,Shampoo
1190,2023-09-29,21:00:00,4,Female,60.0,Beauty,3.0,30.0,10.8,90.0,Perfume
1849,2023-07-21,22:42:00,1,Male,32.0,Clothing,2.0,25.0,12.0,50.0,Dress
1853,2023-05-29,18:39:00,2,Male,21.0,Beauty,2.0,500.0,190.0,1000.0,Shampoo
252,2023-05-05,17:37:00,1,Male,54.0,Electronics,1.0,300.0,84.0,300.0,Monitor
606,2023-06-13,20:19:00,2,Male,22.0,Electronics,1.0,50.0,19.5,50.0,Smartphone
779,2023-05-15,19:19:00,3,Female,56.0,Electronics,2.0,500.0,155.0,1000.0,Tablet
824,2023-02-25,19:10:00,3,Male,63.0,Clothing,4.0,30.0,9.3,120.0,Trousers
866,2023-07-06,18:16:00,4,Male,24.0,Electronics,1.0,50.0,22.5,50.0,Wireless Mouse
1252,2023-12-30,20:18:00,5,Male,54.0,Electronics,1.0,300.0,117.0,300.0,Wireless Mouse
1606,2023-10-19,19:52:00,2,Male,22.0,Electronics,1.0,50.0,26.5,50.0,Smartwatch
1779,2023-01-02,19:45:00,3,Female,56.0,Electronics,2.0,500.0,190.0,1000.0,Headphones
1824,2023-01-24,20:19:00,4,Male,63.0,Clothing,4.0,30.0,12.6,120.0,Trousers
1866,2023-08-17,22:38:00,5,Male,24.0,Electronics,1.0,50.0,20.0,50.0,Smartwatch
5,2023-09-05,22:10:00,3,Male,30.0,Beauty,2.0,50.0,24.0,100.0,Shampoo
90,2023-09-10,17:53:00,3,Female,51.0,Electronics,1.0,30.0,13.5,30.0,Tablet
380,2023-08-30,22:26:00,2,Male,56.0,Electronics,2.0,300.0,102.0,600.0,Monitor
593,2023-01-18,22:05:00,2,Male,35.0,Electronics,2.0,30.0,13.2,60.0,Headphones
820,2023-02-17,22:49:00,1,Male,49.0,Electronics,4.0,50.0,24.0,200.0,Monitor
1005,2023-08-12,20:38:00,2,Male,30.0,Beauty,2.0,50.0,17.5,100.0,Face Cream
1090,2023-02-18,19:54:00,4,Female,51.0,Electronics,1.0,30.0,7.5,30.0,Bluetooth Speaker
1380,2023-02-09,19:45:00,3,Male,56.0,Electronics,2.0,300.0,159.0,600.0,Power Bank
1593,2023-02-24,22:39:00,5,Male,35.0,Electronics,2.0,30.0,14.4,60.0,Wireless Mouse
1820,2023-05-13,21:31:00,1,Male,49.0,Electronics,4.0,50.0,22.0,200.0,Bluetooth Speaker
120,2023-03-31,19:35:00,4,Male,60.0,Beauty,1.0,50.0,12.5,50.0,Shampoo
221,2023-11-27,21:01:00,3,Male,39.0,Beauty,2.0,300.0,111.0,600.0,Foundation
341,2023-01-20,17:06:00,5,Male,31.0,Clothing,4.0,50.0,18.5,200.0,Hoodie
640,2023-12-25,20:05:00,3,Female,51.0,Electronics,4.0,30.0,12.6,120.0,Smartphone
744,2023-05-23,18:02:00,1,Male,40.0,Electronics,1.0,25.0,6.5,25.0,Wireless Mouse
1120,2023-03-02,19:32:00,4,Male,60.0,Beauty,1.0,50.0,26.5,50.0,Hair Serum
1221,2023-09-14,22:57:00,5,Male,39.0,Beauty,2.0,300.0,114.0,600.0,Shampoo
1341,2023-01-30,22:10:00,1,Male,31.0,Clothing,4.0,50.0,21.0,200.0,Skirt
1640,2023-06-10,19:44:00,5,Female,51.0,Electronics,4.0,30.0,14.1,120.0,Bluetooth Speaker
1744,2023-07-07,21:49:00,4,Male,40.0,Electronics,1.0,25.0,8.75,25.0,Keyboard
273,2023-09-26,20:24:00,1,Female,22.0,Beauty,1.0,50.0,14.5,50.0,Perfume
283,2023-06-01,20:08:00,3,Female,18.0,Electronics,1.0,500.0,165.0,500.0,Wireless Mouse
452,2023-01-30,22:41:00,4,Female,48.0,Clothing,3.0,500.0,240.0,1500.0,Jacket
469,2023-03-21,19:24:00,4,Male,18.0,Beauty,3.0,25.0,8.75,75.0,Foundation
620,2023-11-06,20:59:00,4,Male,63.0,Electronics,3.0,25.0,7.0,75.0,Tablet
946,2023-08-08,20:15:00,2,Male,62.0,Electronics,4.0,500.0,235.0,2000.0,Monitor
1273,2023-06-20,20:39:00,1,Female,22.0,Beauty,1.0,50.0,25.5,50.0,Foundation
1283,2023-10-14,20:15:00,1,Female,18.0,Electronics,1.0,500.0,130.0,500.0,Keyboard
1452,2023-08-06,17:41:00,3,Female,48.0,Clothing,3.0,500.0,185.0,1500.0,Sweater
1469,2023-12-08,17:22:00,3,Male,18.0,Beauty,3.0,25.0,12.5,75.0,Face Wash
1620,2023-02-03,22:48:00,5,Male,63.0,Electronics,3.0,25.0,7.75,75.0,Monitor
1946,2023-07-27,20:48:00,5,Male,62.0,Electronics,4.0,500.0,165.0,2000.0,Tablet
148,2023-07-03,20:39:00,5,Male,18.0,Clothing,2.0,30.0,9.9,60.0,Hoodie
414,2023-05-10,19:40:00,1,Male,48.0,Beauty,4.0,25.0,9.75,100.0,Lipstick
883,2023-08-20,20:43:00,5,Male,40.0,Electronics,1.0,500.0,245.0,500.0,Headphones
1148,2023-08-11,22:04:00,2,Male,18.0,Clothing,2.0,30.0,10.8,60.0,Dress
1414,2023-11-22,21:28:00,4,Male,48.0,Beauty,4.0,25.0,11.25,100.0,Hair Serum
1883,2023-09-20,17:54:00,3,Male,40.0,Electronics,1.0,500.0,200.0,500.0,Smartwatch
731,2023-09-30,18:49:00,1,Male,54.0,Clothing,4.0,500.0,165.0,2000.0,Sweater
930,2023-01-12,17:54:00,1,Male,54.0,Clothing,4.0,50.0,26.0,200.0,Trousers
1731,2023-12-19,17:41:00,3,Male,54.0,Clothing,4.0,500.0,195.0,2000.0,Trousers
1930,2023-12-21,19:58:00,5,Male,54.0,Clothing,4.0,50.0,13.0,200.0,Skirt
518,2023-07-31,17:01:00,2,Female,40.0,Clothing,1.0,30.0,16.2,30.0,Hoodie
1518,2023-05-18,20:03:00,3,Female,40.0,Clothing,1.0,30.0,12.6,30.0,T-Shirt
758,2023-04-23,18:30:00,1,Male,64.0,Clothing,4.0,25.0,6.75,100.0,Sweater
1758,2023-07-22,18:19:00,3,Male,64.0,Clothing,4.0,25.0,7.5,100.0,Hoodie
639,2023-08-01,19:47:00,4,Female,62.0,Beauty,4.0,50.0,26.5,200.0,Perfume
838,2023-09-30,21:20:00,1,Male,47.0,Electronics,2.0,300.0,153.0,600.0,Keyboard
1639,2023-12-20,18:13:00,5,Female,62.0,Beauty,4.0,50.0,24.0,200.0,Lipstick
1838,2023-06-28,17:06:00,4,Male,47.0,Electronics,2.0,300.0,102.0,600.0,Bluetooth Speaker
353,2023-03-18,21:35:00,5,Male,31.0,Electronics,1.0,500.0,270.0,500.0,Tablet
501,2023-06-28,20:21:00,2,Male,39.0,Electronics,2.0,30.0,9.0,60.0,Bluetooth Speaker
721,2023-06-23,17:10:00,5,Female,52.0,Clothing,1.0,500.0,145.0,500.0,Dress
1353,2023-09-04,21:59:00,3,Male,31.0,Electronics,1.0,500.0,235.0,500.0,Monitor
1501,2023-01-31,18:00:00,1,Male,39.0,Electronics,2.0,30.0,13.5,60.0,Tablet
1721,2023-01-21,22:42:00,3,Female,52.0,Clothing,1.0,500.0,215.0,500.0,Casual Shirt
123,2023-08-11,19:00:00,3,Female,40.0,Electronics,2.0,30.0,11.7,60.0,Smartphone
164,2023-02-28,18:26:00,3,Female,47.0,Beauty,3.0,500.0,185.0,1500.0,Foundation
425,2023-06-11,18:28:00,2,Female,55.0,Electronics,4.0,30.0,15.6,120.0,Smartwatch
1123,2023-12-11,21:04:00,1,Female,40.0,Electronics,2.0,30.0,10.8,60.0,Headphones
1164,2023-04-07,20:53:00,1,Female,47.0,Beauty,3.0,500.0,245.0,1500.0,Lipstick
1425,2023-12-02,22:15:00,1,Female,55.0,Electronics,4.0,30.0,10.2,120.0,Wireless Mouse
48,2023-10-06,17:34:00,2,Male,54.0,Electronics,3.0,300.0,123.0,900.0,Keyboard
118,2023-03-13,20:07:00,3,Female,30.0,Electronics,4.0,500.0,270.0,2000.0,Power Bank
203,2023-03-12,21:33:00,4,Male,56.0,Clothing,2.0,500.0,175.0,1000.0,Sneakers
305,2023-03-22,22:09:00,4,Female,18.0,Beauty,1.0,30.0,14.4,30.0,Hair Serum
358,2023-10-12,18:32:00,4,Female,32.0,Beauty,1.0,300.0,132.0,300.0,Hair Serum
376,2023-01-29,18:21:00,4,Female,64.0,Beauty,1.0,30.0,12.0,30.0,Hair Serum
398,2023-02-23,21:17:00,5,Female,48.0,Clothing,2.0,300.0,114.0,600.0,T-Shirt
411,2023-07-25,20:04:00,3,Male,62.0,Electronics,4.0,50.0,24.5,200.0,Headphones
504,2023-03-31,18:07:00,4,Female,38.0,Beauty,3.0,50.0,22.0,150.0,Moisturizer
970,2023-05-25,18:13:00,2,Male,59.0,Electronics,4.0,500.0,220.0,2000.0,Smartwatch
996,2023-07-03,17:38:00,2,Male,62.0,Clothing,1.0,50.0,13.5,50.0,Skirt
1048,2023-07-12,19:14:00,3,Male,54.0,Electronics,3.0,300.0,93.0,900.0,Smartwatch
1118,2023-10-13,17:24:00,1,Female,30.0,Electronics,4.0,500.0,170.0,2000.0,Tablet
1203,2023-11-26,18:36:00,2,Male,56.0,Clothing,2.0,500.0,145.0,1000.0,Trousers
1305,2023-04-05,18:24:00,5,Female,18.0,Beauty,1.0,30.0,7.8,30.0,Body Lotion
1358,2023-05-04,21:40:00,5,Female,32.0,Beauty,1.0,300.0,156.0,300.0,Hair Serum
1376,2023-07-15,19:49:00,3,Female,64.0,Beauty,1.0,30.0,9.9,30.0,Foundation
1398,2023-07-19,17:20:00,1,Female,48.0,Clothing,2.0,300.0,120.0,600.0,Casual Shirt
1411,2023-11-24,20:27:00,1,Male,62.0,Electronics,4.0,50.0,26.0,200.0,Bluetooth Speaker
1504,2023-01-25,17:01:00,4,Female,38.0,Beauty,3.0,50.0,25.5,150.0,Face Wash
1970,2023-05-22,17:44:00,5,Male,59.0,Electronics,4.0,500.0,230.0,2000.0,Power Bank
1996,2023-12-07,18:49:00,2,Male,62.0,Clothing,1.0,50.0,25.0,50.0,Hoodie
81,2023-06-07,22:48:00,4,Male,40.0,Electronics,1.0,50.0,14.5,50.0,Bluetooth Speaker
155,2023-07-18,18:05:00,3,Male,31.0,Electronics,4.0,500.0,150.0,2000.0,Keyboard
470,2023-12-26,18:58:00,4,Female,57.0,Clothing,2.0,500.0,165.0,1000.0,Dress
1081,2023-06-27,22:23:00,5,Male,40.0,Electronics,1.0,50.0,17.0,50.0,Tablet
1155,2023-12-03,18:22:00,3,Male,31.0,Electronics,4.0,500.0,255.0,2000.0,Tablet
1470,2023-06-26,19:47:00,1,Female,57.0,Clothing,2.0,500.0,165.0,1000.0,Sneakers
106,2023-05-17,18:58:00,1,Female,46.0,Clothing,1.0,50.0,15.0,50.0,Jeans
818,2023-05-29,18:56:00,4,Male,30.0,Electronics,1.0,500.0,265.0,500.0,Smartwatch
1106,2023-08-12,17:50:00,3,Female,46.0,Clothing,1.0,50.0,14.0,50.0,Hoodie
1818,2023-09-20,17:29:00,4,Male,30.0,Electronics,1.0,500.0,150.0,500.0,Headphones
94,2023-03-13,22:39:00,5,Female,47.0,Beauty,2.0,500.0,250.0,1000.0,Foundation
811,2023-04-15,18:34:00,2,Male,61.0,Beauty,2.0,25.0,6.75,50.0,Perfume
881,2023-12-21,20:52:00,4,Male,22.0,Electronics,1.0,300.0,99.0,300.0,Smartwatch
1094,2023-06-15,20:34:00,1,Female,47.0,Beauty,2.0,500.0,210.0,1000.0,Lipstick
1811,2023-12-09,21:58:00,5,Male,61.0,Beauty,2.0,25.0,8.5,50.0,Hair Serum
1881,2023-07-11,17:23:00,5,Male,22.0,Electronics,1.0,300.0,147.0,300.0,Tablet
403,2023-04-22,19:31:00,5,Male,32.0,Clothing,2.0,300.0,78.0,600.0,Trousers
653,2023-11-25,22:53:00,3,Male,54.0,Clothing,3.0,25.0,9.25,75.0,Casual Shirt
694,2023-06-30,17:47:00,3,Female,39.0,Electronics,2.0,25.0,10.0,50.0,Monitor
1403,2023-03-25,18:20:00,4,Male,32.0,Clothing,2.0,300.0,162.0,600.0,Dress
1653,2023-07-23,19:34:00,2,Male,54.0,Clothing,3.0,25.0,12.75,75.0,Jeans
1694,2023-01-10,19:22:00,4,Female,39.0,Electronics,2.0,25.0,9.75,50.0,Smartwatch
4,2023-08-27,18:12:00,3,Male,37.0,Clothing,1.0,500.0,200.0,500.0,Dress
647,2023-03-01,19:53:00,5,Male,59.0,Clothing,3.0,500.0,190.0,1500.0,Sneakers
911,2023-07-15,17:29:00,3,Male,42.0,Electronics,3.0,300.0,84.0,900.0,Bluetooth Speaker
1004,2023-01-11,21:46:00,2,Male,37.0,Clothing,1.0,500.0,230.0,500.0,Jacket
1647,2023-05-01,20:26:00,5,Male,59.0,Clothing,3.0,500.0,240.0,1500.0,Dress
1911,2023-12-13,18:33:00,4,Male,42.0,Electronics,3.0,300.0,75.0,900.0,Smartphone
419,2023-03-31,19:18:00,5,Female,44.0,Clothing,3.0,30.0,11.7,90.0,Casual Shirt
642,2023-05-04,21:40:00,1,Female,54.0,Clothing,4.0,25.0,12.0,100.0,Jacket
843,2023-01-25,22:46:00,3,Male,21.0,Beauty,3.0,500.0,180.0,1500.0,Moisturizer
895,2023-08-31,21:51:00,3,Female,55.0,Clothing,4.0,30.0,14.4,120.0,T-Shirt
1419,2023-02-05,18:42:00,3,Female,44.0,Clothing,3.0,30.0,9.3,90.0,T-Shirt
1642,2023-12-27,18:30:00,4,Female,54.0,Clothing,4.0,25.0,11.5,100.0,Casual Shirt
1843,2023-09-21,18:58:00,1,Male,21.0,Beauty,3.0,500.0,240.0,1500.0,Moisturizer
1895,2023-03-27,20:59:00,4,Female,55.0,Clothing,4.0,30.0,15.3,120.0,Jacket
31,2023-12-31,17:47:00,3,Male,44.0,Electronics,4.0,300.0,129.0,1200.0,Keyboard
37,2023-05-26,22:42:00,2,Female,18.0,Beauty,3.0,25.0,8.75,75.0,Shampoo
72,2023-12-06,19:19:00,5,Female,20.0,Electronics,4.0,500.0,195.0,2000.0,Smartphone
243,2023-06-24,18:02:00,5,Female,47.0,Electronics,3.0,300.0,156.0,900.0,Monitor
281,2023-09-18,20:09:00,4,Female,29.0,Beauty,4.0,500.0,275.0,2000.0,Moisturizer
489,2023-10-31,22:01:00,1,Male,44.0,Electronics,1.0,30.0,14.4,30.0,Keyboard
491,2023-12-30,21:11:00,4,Female,60.0,Electronics,3.0,300.0,78.0,900.0,Keyboard
729,2023-08-26,22:29:00,3,Male,29.0,Clothing,4.0,300.0,84.0,1200.0,Sweater
822,2023-02-16,17:39:00,3,Female,52.0,Beauty,3.0,50.0,13.5,150.0,Body Lotion
1031,2023-11-12,21:15:00,3,Male,44.0,Electronics,4.0,300.0,126.0,1200.0,Laptop
1037,2023-10-17,17:38:00,2,Female,18.0,Beauty,3.0,25.0,11.5,75.0,Face Cream
1072,2023-02-24,18:10:00,4,Female,20.0,Electronics,4.0,500.0,180.0,2000.0,Tablet
1243,2023-12-08,17:11:00,4,Female,47.0,Electronics,3.0,300.0,138.0,900.0,Keyboard
1281,2023-03-14,19:34:00,4,Female,29.0,Beauty,4.0,500.0,165.0,2000.0,Shampoo
1489,2023-04-28,18:30:00,2,Male,44.0,Electronics,1.0,30.0,10.5,30.0,Headphones
1491,2023-05-26,22:14:00,107,Female,60.0,Electronics,3.0,300.0,129.0,900.0,Wireless Mouse
1729,2023-11-22,18:55:00,82,Male,29.0,Clothing,4.0,300.0,81.0,1200.0,Sweater
1822,2023-09-09,17:15:00,15,Female,52.0,Beauty,3.0,50.0,21.0,150.0,Shampoo
840,2023-07-01,18:59:00,60,Male,62.0,Clothing,2.0,25.0,11.75,50.0,Trousers
1840,2023-05-12,20:22:00,138,Male,62.0,Clothing,2.0,25.0,11.0,50.0,T-Shirt
404,2023-02-13,19:55:00,59,Male,46.0,Electronics,2.0,500.0,160.0,1000.0,Laptop
899,2023-05-22,21:34:00,147,Male,26.0,Clothing,2.0,300.0,153.0,600.0,Jacket
990,2023-03-29,21:45:00,68,Female,58.0,Beauty,2.0,500.0,235.0,1000.0,Sunscreen
1404,2023-08-20,18:15:00,155,Male,46.0,Electronics,2.0,500.0,185.0,1000.0,Tablet
1899,2023-05-03,21:03:00,51,Male,26.0,Clothing,2.0,300.0,99.0,600.0,Jeans
1990,2023-11-22,17:02:00,48,Female,58.0,Beauty,2.0,500.0,155.0,1000.0,Lipstick
382,2023-07-14,21:20:00,29,Female,53.0,Clothing,2.0,500.0,245.0,1000.0,Jeans
578,2023-12-05,22:42:00,68,Female,54.0,Clothing,4.0,30.0,9.3,120.0,Casual Shirt
923,2023-06-10,17:20:00,62,Male,32.0,Beauty,3.0,300.0,165.0,900.0,Face Wash
1382,2023-05-20,18:13:00,139,Female,53.0,Clothing,2.0,500.0,185.0,1000.0,Trousers
1578,2023-11-20,18:43:00,66,Female,54.0,Clothing,4.0,30.0,12.0,120.0,Trousers
1923,2022-04-03,17:38:00,74,Male,32.0,Beauty,3.0,300.0,159.0,900.0,Sunscreen
307,2022-11-11,22:54:00,32,Female,26.0,Electronics,2.0,25.0,8.5,50.0,Smartwatch
561,2022-07-29,17:04:00,34,Female,64.0,Clothing,4.0,500.0,250.0,2000.0,Casual Shirt
651,2023-09-28,21:02:00,30,Male,51.0,Clothing,3.0,50.0,26.0,150.0,Skirt
1307,2022-01-29,22:11:00,68,Female,26.0,Electronics,2.0,25.0,11.75,50.0,Keyboard
1561,2023-09-17,19:38:00,16,Female,64.0,Clothing,4.0,500.0,170.0,2000.0,Sweater
1651,2022-12-04,21:29:00,155,Male,51.0,Clothing,3.0,50.0,23.5,150.0,Dress
988,2022-08-05,18:41:00,85,Female,63.0,Clothing,3.0,25.0,8.0,75.0,Trousers
1988,2023-11-30,18:47:00,144,Female,63.0,Clothing,3.0,25.0,7.25,75.0,Skirt
67,2023-08-19,20:19:00,119,Female,48.0,Beauty,4.0,300.0,129.0,1200.0,Moisturizer
1067,2023-10-03,17:01:00,105,Female,48.0,Beauty,4.0,300.0,129.0,1200.0,Sunscreen
915,2023-10-11,19:06:00,95,Female,26.0,Beauty,3.0,30.0,12.9,90.0,Sunscreen
985,2023-06-13,22:33:00,113,Female,19.0,Electronics,2.0,25.0,9.0,50.0,Smartphone
1915,2023-07-10,22:50:00,53,Female,26.0,Beauty,3.0,30.0,9.3,90.0,Sunscreen
1985,2023-03-31,20:15:00,113,Female,19.0,Electronics,2.0,25.0,9.75,50.0,Headphones
56,2022-12-27,19:37:00,97,Female,26.0,Clothing,3.0,300.0,120.0,900.0,Sneakers
159,2022-11-10,21:30:00,42,Male,26.0,Clothing,4.0,50.0,23.5,200.0,Sneakers
862,2022-12-11,21:37:00,29,Male,28.0,Electronics,4.0,300.0,78.0,1200.0,Tablet
1056,2022-04-17,19:46:00,54,Female,26.0,Clothing,3.0,300.0,114.0,900.0,Jeans
1159,2023-04-02,18:08:00,41,Male,26.0,Clothing,4.0,50.0,18.0,200.0,Jacket
1862,2022-02-06,22:50:00,64,Male,28.0,Electronics,4.0,300.0,165.0,1200.0,Smartwatch
315,2023-07-03,18:53:00,122,Male,47.0,Clothing,2.0,30.0,15.0,60.0,Jacket
545,2023-12-19,17:18:00,61,Male,27.0,Clothing,2.0,25.0,8.25,50.0,Casual Shirt
902,2022-02-14,17:16:00,108,Female,54.0,Beauty,1.0,50.0,21.5,50.0,Shampoo
1315,2022-08-31,20:52:00,14,Male,47.0,Clothing,2.0,30.0,12.9,60.0,Jacket
1545,2023-07-15,18:21:00,16,Male,27.0,Clothing,2.0,25.0,8.25,50.0,T-Shirt
1902,2022-12-21,17:12:00,97,Female,54.0,Beauty,1.0,50.0,14.0,50.0,Face Wash
170,2023-09-21,20:46:00,125,Female,25.0,Clothing,2.0,25.0,12.5,50.0,Sweater
685,2023-07-04,22:15:00,90,Male,57.0,Electronics,2.0,25.0,7.75,50.0,Monitor
958,2022-01-01,21:14:00,116,Male,62.0,Electronics,2.0,25.0,11.0,50.0,Keyboard
1170,2023-01-06,17:13:00,96,Female,25.0,Clothing,2.0,25.0,8.0,50.0,Dress
1685,2022-04-20,20:32:00,76,Male,57.0,Electronics,2.0,25.0,8.75,50.0,Smartphone
1958,2022-11-27,19:19:00,125,Male,62.0,Electronics,2.0,25.0,11.75,50.0,Smartwatch
363,2022-05-23,22:51:00,92,Male,64.0,Beauty,1.0,25.0,13.5,25.0,Moisturizer
394,2022-08-19,19:27:00,105,Female,27.0,Clothing,1.0,500.0,165.0,500.0,Dress
537,2023-10-01,18:07:00,98,Female,21.0,Beauty,1.0,500.0,275.0,500.0,Hair Serum
1363,2023-07-04,20:27:00,33,Male,64.0,Beauty,1.0,25.0,7.75,25.0,Shampoo
1394,2022-04-17,20:06:00,14,Female,27.0,Clothing,1.0,500.0,250.0,500.0,Sneakers
1537,2022-11-29,17:57:00,116,Female,21.0,Beauty,1.0,500.0,140.0,500.0,Moisturizer
387,2023-01-26,21:58:00,118,Male,44.0,Beauty,1.0,30.0,9.0,30.0,Sunscreen
556,2022-02-05,17:37:00,42,Female,18.0,Electronics,1.0,50.0,12.5,50.0,Smartwatch
782,2022-04-13,21:51:00,71,Male,59.0,Clothing,3.0,300.0,150.0,900.0,Skirt
906,2022-07-19,17:55:00,6,Female,20.0,Clothing,1.0,50.0,17.0,50.0,Jeans
1387,2022-07-26,17:48:00,37,Male,44.0,Beauty,1.0,30.0,15.6,30.0,Foundation
1556,2023-05-17,19:13:00,35,Female,18.0,Electronics,1.0,50.0,22.5,50.0,Smartwatch
1782,2023-04-07,20:23:00,116,Male,59.0,Clothing,3.0,300.0,141.0,900.0,Jacket
1906,2022-10-01,20:10:00,58,Female,20.0,Clothing,1.0,50.0,26.5,50.0,Dress
560,2023-10-23,22:51:00,7,Female,25.0,Electronics,1.0,50.0,19.0,50.0,Laptop
944,2022-08-23,20:22:00,136,Male,44.0,Clothing,2.0,25.0,12.0,50.0,Jeans
1560,2022-11-13,17:16:00,91,Female,25.0,Electronics,1.0,50.0,18.5,50.0,Smartphone
1944,2023-07-18,21:08:00,63,Male,44.0,Clothing,2.0,25.0,6.5,50.0,Jacket
481,2023-07-13,17:12:00,48,Female,43.0,Electronics,4.0,300.0,114.0,1200.0,Tablet
867,2022-07-24,22:40:00,152,Male,21.0,Electronics,1.0,500.0,185.0,500.0,Monitor
882,2023-10-22,21:41:00,144,Female,64.0,Electronics,2.0,25.0,13.25,50.0,Monitor
961,2023-03-22,22:36:00,86,Male,53.0,Beauty,4.0,50.0,23.0,200.0,Moisturizer
1481,2023-11-09,17:22:00,20,Female,43.0,Electronics,4.0,300.0,114.0,1200.0,Keyboard
1867,2023-05-16,19:55:00,144,Male,21.0,Electronics,1.0,500.0,190.0,500.0,Headphones
1882,2023-06-21,20:56:00,15,Female,64.0,Electronics,2.0,25.0,9.0,50.0,Keyboard
1961,2022-05-15,21:17:00,95,Male,53.0,Beauty,4.0,50.0,20.5,200.0,Moisturizer
187,2022-02-20,20:19:00,88,Female,64.0,Clothing,2.0,50.0,21.0,100.0,Skirt
446,2022-11-02,19:57:00,104,Male,21.0,Electronics,1.0,50.0,13.0,50.0,Tablet
1187,2023-07-07,17:05:00,52,Female,64.0,Clothing,2.0,50.0,12.5,100.0,Casual Shirt
1446,2022-01-23,18:55:00,155,Male,21.0,Electronics,1.0,50.0,23.5,50.0,Power Bank
539,2023-11-30,18:13:00,135,Male,25.0,Beauty,1.0,500.0,205.0,500.0,Hair Serum
587,2023-09-04,19:00:00,91,Female,40.0,Beauty,4.0,300.0,99.0,1200.0,Hair Serum
1539,2022-12-06,21:52:00,96,Male,25.0,Beauty,1.0,500.0,170.0,500.0,Shampoo
1587,2022-11-05,20:06:00,140,Female,40.0,Beauty,4.0,300.0,105.0,1200.0,Sunscreen
212,2023-10-12,18:13:00,105,Male,21.0,Clothing,3.0,500.0,215.0,1500.0,T-Shirt
765,2022-10-16,19:03:00,77,Male,43.0,Clothing,4.0,50.0,12.5,200.0,Skirt
769,2022-09-09,18:57:00,18,Female,31.0,Electronics,4.0,30.0,10.2,120.0,Bluetooth Speaker
1212,2022-03-16,18:05:00,142,Male,21.0,Clothing,3.0,500.0,265.0,1500.0,Trousers
1765,2022-10-18,22:49:00,13,Male,43.0,Clothing,4.0,50.0,16.0,200.0,Dress
1769,2023-10-08,22:50:00,116,Female,31.0,Electronics,4.0,30.0,9.3,120.0,Smartphone
321,2023-09-24,19:53:00,30,Female,26.0,Electronics,2.0,25.0,9.5,50.0,Headphones
356,2023-08-27,18:35:00,71,Male,50.0,Electronics,3.0,500.0,255.0,1500.0,Smartwatch
510,2023-05-29,17:04:00,14,Female,39.0,Beauty,4.0,50.0,13.0,200.0,Sunscreen
534,2023-04-27,22:30:00,112,Male,45.0,Clothing,2.0,500.0,140.0,1000.0,Trousers
1321,2023-04-23,22:54:00,155,Female,26.0,Electronics,2.0,25.0,10.5,50.0,Smartphone
1356,2023-12-18,21:31:00,11,Male,50.0,Electronics,3.0,500.0,245.0,1500.0,Tablet
1510,2022-11-20,18:21:00,124,Female,39.0,Beauty,4.0,50.0,19.0,200.0,Sunscreen
1534,2022-06-13,19:44:00,72,Male,45.0,Clothing,2.0,500.0,270.0,1000.0,T-Shirt
104,2022-06-09,22:58:00,129,Female,34.0,Beauty,2.0,500.0,190.0,1000.0,Perfume
110,2022-11-18,17:28:00,149,Male,27.0,Clothing,3.0,300.0,99.0,900.0,Sweater
352,2023-07-28,17:55:00,54,Male,57.0,Electronics,2.0,500.0,175.0,1000.0,Power Bank
365,2023-02-23,22:12:00,151,Male,31.0,Clothing,1.0,300.0,93.0,300.0,Sweater
887,2022-02-24,19:20:00,44,Male,59.0,Clothing,4.0,25.0,10.0,100.0,Dress
1104,2022-07-11,20:13:00,70,Female,34.0,Beauty,2.0,500.0,150.0,1000.0,Perfume
1110,2022-10-26,19:14:00,62,Male,27.0,Clothing,3.0,300.0,114.0,900.0,Trousers
1352,2023-10-19,17:40:00,14,Male,57.0,Electronics,2.0,500.0,260.0,1000.0,Wireless Mouse
1365,2023-11-08,20:22:00,18,Male,31.0,Clothing,1.0,300.0,156.0,300.0,Sweater
1887,2023-12-11,19:34:00,113,Male,59.0,Clothing,4.0,25.0,10.0,100.0,Jeans
629,2023-01-05,19:55:00,39,Male,62.0,Electronics,2.0,25.0,8.0,50.0,Keyboard
1629,2022-02-17,20:18:00,144,Male,62.0,Electronics,2.0,25.0,10.75,50.0,Bluetooth Speaker
655,2022-10-31,18:43:00,19,Female,55.0,Clothing,1.0,500.0,210.0,500.0,Skirt
1655,2023-05-28,17:57:00,8,Female,55.0,Clothing,1.0,500.0,125.0,500.0,Hoodie
567,2023-05-08,19:53:00,5,Female,25.0,Clothing,3.0,300.0,144.0,900.0,Hoodie
1567,2023-04-07,17:10:00,76,Female,25.0,Clothing,3.0,300.0,162.0,900.0,Jeans
182,2023-06-21,19:27:00,27,Male,62.0,Beauty,4.0,30.0,10.2,120.0,Perfume
819,2023-08-15,21:59:00,111,Female,35.0,Beauty,2.0,50.0,26.0,100.0,Body Lotion
1182,2023-01-03,21:26:00,14,Male,62.0,Beauty,4.0,30.0,12.9,120.0,Face Wash
1819,2022-11-05,20:44:00,83,Female,35.0,Beauty,2.0,50.0,13.5,100.0,Hair Serum
100,2022-02-08,19:34:00,21,Male,41.0,Electronics,1.0,30.0,9.3,30.0,Tablet
833,2023-05-09,18:39:00,85,Male,42.0,Beauty,4.0,50.0,24.5,200.0,Face Wash
1100,2023-01-20,18:15:00,136,Male,41.0,Electronics,1.0,30.0,13.2,30.0,Power Bank
1833,2022-01-30,17:20:00,56,Male,42.0,Beauty,4.0,50.0,18.0,200.0,Face Cream
542,2023-06-01,18:41:00,50,Female,20.0,Beauty,1.0,50.0,24.0,50.0,Hair Serum
723,2022-07-14,21:57:00,120,Female,54.0,Beauty,4.0,50.0,20.5,200.0,Shampoo
726,2022-06-05,19:37:00,72,Male,47.0,Clothing,4.0,300.0,126.0,1200.0,Hoodie
1542,2023-05-17,20:30:00,147,Female,20.0,Beauty,1.0,50.0,14.5,50.0,Moisturizer
1723,2022-02-10,17:43:00,40,Female,54.0,Beauty,4.0,50.0,18.0,200.0,Body Lotion
1726,2023-06-26,18:12:00,13,Male,47.0,Clothing,4.0,300.0,93.0,1200.0,Jeans
488,2022-07-05,17:28:00,26,Female,51.0,Electronics,3.0,300.0,123.0,900.0,Wireless Mouse
1488,2022-11-12,19:24:00,9,Female,51.0,Electronics,3.0,300.0,126.0,900.0,Power Bank
239,2022-09-19,19:34:00,1,Male,38.0,Electronics,3.0,500.0,165.0,1500.0,Smartphone
498,2022-03-22,22:20:00,41,Female,50.0,Clothing,4.0,25.0,8.25,100.0,Casual Shirt
532,2022-08-15,18:04:00,92,Female,64.0,Clothing,4.0,30.0,12.9,120.0,Sweater
669,2022-01-23,20:24:00,110,Male,24.0,Beauty,4.0,300.0,87.0,1200.0,Face Wash
877,2022-10-01,19:52:00,134,Female,58.0,Clothing,1.0,25.0,6.75,25.0,T-Shirt
1239,2022-07-08,20:42:00,134,Male,38.0,Electronics,3.0,500.0,255.0,1500.0,Smartwatch
1498,2022-08-29,17:08:00,51,Female,50.0,Clothing,4.0,25.0,12.5,100.0,Casual Shirt
1532,2022-03-23,22:48:00,51,Female,64.0,Clothing,4.0,30.0,15.6,120.0,Hoodie
1669,2022-08-04,22:28:00,83,Male,24.0,Beauty,4.0,300.0,123.0,1200.0,Sunscreen
1877,2023-01-25,20:19:00,72,Female,58.0,Clothing,1.0,25.0,10.5,25.0,Sweater
422,2022-08-21,22:34:00,67,Female,28.0,Clothing,3.0,30.0,13.2,90.0,Sweater
466,2023-01-11,21:52:00,66,Male,63.0,Electronics,4.0,25.0,13.75,100.0,Smartphone
1422,2022-05-07,20:41:00,35,Female,28.0,Clothing,3.0,30.0,13.5,90.0,Sneakers
1466,2023-01-16,22:27:00,64,Male,63.0,Electronics,4.0,25.0,10.75,100.0,Tablet
583,2022-01-28,19:44:00,131,Female,24.0,Electronics,4.0,25.0,7.75,100.0,Power Bank
654,2023-08-14,17:40:00,92,Male,42.0,Clothing,3.0,25.0,9.25,75.0,Jacket
1583,2023-11-12,22:54:00,102,Female,24.0,Electronics,4.0,25.0,13.0,100.0,Tablet
1654,2023-10-13,20:47:00,111,Male,42.0,Clothing,3.0,25.0,6.25,75.0,Sweater
40,2022-06-07,21:33:00,78,Male,45.0,Beauty,1.0,50.0,24.5,50.0,Hair Serum
699,2022-11-21,22:21:00,129,Female,37.0,Clothing,4.0,30.0,16.2,120.0,Jeans
727,2023-11-15,18:37:00,32,Male,55.0,Beauty,3.0,300.0,105.0,900.0,Face Cream
830,2022-09-29,20:19:00,77,Female,64.0,Clothing,3.0,50.0,18.5,150.0,Trousers
1040,2023-12-12,21:24:00,112,Male,45.0,Beauty,1.0,50.0,21.0,50.0,Lipstick
1699,2023-07-29,21:45:00,23,Female,37.0,Clothing,4.0,30.0,12.9,120.0,Jacket
1727,2023-08-08,21:06:00,72,Male,55.0,Beauty,3.0,300.0,75.0,900.0,Moisturizer
1830,2023-03-04,18:04:00,87,Female,64.0,Clothing,3.0,50.0,21.0,150.0,Casual Shirt
224,2022-11-11,21:32:00,99,Female,25.0,Clothing,1.0,50.0,24.0,50.0,T-Shirt
271,2023-09-12,18:23:00,44,Female,62.0,Beauty,4.0,30.0,9.3,120.0,Foundation
1224,2022-01-20,17:10:00,103,Female,25.0,Clothing,1.0,50.0,20.0,50.0,Skirt
1271,2022-01-19,19:31:00,27,Female,62.0,Beauty,4.0,30.0,9.0,120.0,Shampoo
36,2023-02-22,22:06:00,40,Male,52.0,Beauty,3.0,300.0,144.0,900.0,Lipstick
157,2022-05-15,21:59:00,98,Male,62.0,Electronics,4.0,500.0,170.0,2000.0,Headphones
796,2022-10-01,19:50:00,38,Male,43.0,Beauty,4.0,30.0,7.8,120.0,Hair Serum
839,2023-11-11,21:02:00,130,Female,20.0,Electronics,4.0,300.0,96.0,1200.0,Headphones
927,2022-02-21,17:13:00,83,Male,43.0,Electronics,4.0,500.0,250.0,2000.0,Laptop
1036,2022-08-17,18:03:00,121,Male,52.0,Beauty,3.0,300.0,117.0,900.0,Hair Serum
1157,2022-12-23,21:24:00,81,Male,62.0,Electronics,4.0,500.0,270.0,2000.0,Tablet
1796,2023-11-12,18:36:00,69,Male,43.0,Beauty,4.0,30.0,11.1,120.0,Foundation
1839,2022-08-28,21:57:00,92,Female,20.0,Electronics,4.0,300.0,156.0,1200.0,Tablet
1927,2023-09-06,19:44:00,46,Male,43.0,Electronics,4.0,500.0,180.0,2000.0,Wireless Mouse
407,2022-07-16,22:17:00,117,Female,46.0,Electronics,3.0,300.0,138.0,900.0,Keyboard
1407,2022-04-10,19:41:00,54,Female,46.0,Electronics,3.0,300.0,120.0,900.0,Keyboard
46,2022-11-08,17:50:00,54,Female,20.0,Electronics,4.0,300.0,84.0,1200.0,Smartwatch
509,2023-07-10,19:35:00,70,Female,37.0,Electronics,3.0,300.0,141.0,900.0,Keyboard
874,2022-01-17,18:14:00,90,Male,60.0,Beauty,1.0,30.0,12.6,30.0,Foundation
1046,2023-07-21,21:47:00,5,Female,20.0,Electronics,4.0,300.0,156.0,1200.0,Laptop
1509,2022-11-25,20:40:00,67,Female,37.0,Electronics,3.0,300.0,129.0,900.0,Wireless Mouse
1874,2022-05-14,20:58:00,126,Male,60.0,Beauty,1.0,30.0,12.6,30.0,Lipstick
788,2022-06-20,18:54:00,90,Female,52.0,Beauty,3.0,300.0,105.0,900.0,Sunscreen
1788,2022-05-03,20:35:00,98,Female,52.0,Beauty,3.0,300.0,150.0,900.0,Foundation
378,2022-11-03,18:16:00,81,Male,50.0,Beauty,1.0,300.0,165.0,300.0,Perfume
1378,2022-04-28,21:56:00,27,Male,50.0,Beauty,1.0,300.0,132.0,300.0,Shampoo
480,2022-12-22,22:12:00,126,Female,42.0,Beauty,4.0,500.0,225.0,2000.0,Moisturizer
492,2023-12-16,17:52:00,4,Male,61.0,Beauty,4.0,25.0,6.5,100.0,Face Wash
737,2023-03-23,21:11:00,26,Female,33.0,Clothing,1.0,50.0,14.0,50.0,Hoodie
1480,2023-11-26,18:05:00,3,Female,42.0,Beauty,4.0,500.0,165.0,2000.0,Foundation
1492,2023-08-26,22:09:00,146,Male,61.0,Beauty,4.0,25.0,10.0,100.0,Moisturizer
1737,2022-11-14,22:32:00,40,Female,33.0,Clothing,1.0,50.0,14.0,50.0,T-Shirt
684,2023-06-20,18:02:00,54,Female,28.0,Clothing,2.0,500.0,225.0,1000.0,Dress
878,2023-10-26,18:53:00,31,Female,20.0,Clothing,1.0,30.0,11.7,30.0,Dress
1684,2023-01-23,21:40:00,43,Female,28.0,Clothing,2.0,500.0,200.0,1000.0,Trousers
1878,2023-01-24,22:56:00,97,Female,20.0,Clothing,1.0,30.0,7.5,30.0,Trousers
78,2023-02-17,21:08:00,68,Female,47.0,Clothing,3.0,500.0,265.0,1500.0,Sweater
260,2023-01-19,21:09:00,107,Male,28.0,Beauty,2.0,30.0,10.5,60.0,Perfume
455,2023-11-21,19:15:00,134,Male,31.0,Electronics,4.0,25.0,13.25,100.0,Keyboard
837,2023-01-15,20:35:00,53,Male,18.0,Beauty,3.0,30.0,7.5,90.0,Foundation
1078,2023-05-04,22:20:00,16,Female,47.0,Clothing,3.0,500.0,125.0,1500.0,Sweater
1260,2023-07-19,17:26:00,117,Male,28.0,Beauty,2.0,30.0,13.5,60.0,Body Lotion
1455,2022-08-27,21:35:00,32,Male,31.0,Electronics,4.0,25.0,13.75,100.0,Bluetooth Speaker
1837,2023-03-29,20:45:00,32,Male,18.0,Beauty,3.0,30.0,8.1,90.0,Foundation
45,2022-03-20,18:27:00,121,Female,55.0,Electronics,1.0,30.0,10.5,30.0,Power Bank
449,2022-01-03,18:28:00,58,Male,25.0,Electronics,4.0,50.0,26.5,200.0,Wireless Mouse
1045,2022-02-26,17:28:00,110,Female,55.0,Electronics,1.0,30.0,9.9,30.0,Keyboard
1449,2022-04-26,18:42:00,12,Male,25.0,Electronics,4.0,50.0,23.5,200.0,Bluetooth Speaker
904,2022-04-01,20:26:00,43,Male,28.0,Clothing,1.0,500.0,160.0,500.0,Sneakers
1904,2022-11-25,19:41:00,117,Male,28.0,Clothing,1.0,500.0,220.0,500.0,Sneakers
59,2022-11-14,18:28:00,61,Male,62.0,Clothing,1.0,50.0,27.0,50.0,Trousers
128,2022-12-21,22:22:00,77,Male,25.0,Beauty,1.0,500.0,180.0,500.0,Face Wash
186,2022-03-31,18:15:00,92,Male,20.0,Clothing,4.0,50.0,23.5,200.0,Sneakers
802,2023-09-22,18:00:00,57,Female,46.0,Beauty,1.0,30.0,9.9,30.0,Face Wash
1059,2022-07-12,22:05:00,89,Male,62.0,Clothing,1.0,50.0,12.5,50.0,T-Shirt
1128,2022-01-04,17:35:00,60,Male,25.0,Beauty,1.0,500.0,135.0,500.0,Body Lotion
1186,2023-09-10,18:24:00,5,Male,20.0,Clothing,4.0,50.0,18.5,200.0,Sweater
1802,2022-07-13,22:17:00,33,Female,46.0,Beauty,1.0,30.0,9.6,30.0,Face Wash
75,2023-05-15,20:51:00,110,Male,61.0,Beauty,4.0,50.0,13.5,200.0,Face Wash
447,2023-04-18,17:57:00,37,Male,22.0,Beauty,4.0,500.0,245.0,2000.0,Perfume
528,2023-12-11,21:51:00,102,Female,36.0,Clothing,2.0,30.0,9.6,60.0,Sweater
1075,2022-09-14,19:17:00,92,Male,61.0,Beauty,4.0,50.0,21.5,200.0,Face Cream
1447,2022-05-30,22:21:00,137,Male,22.0,Beauty,4.0,500.0,155.0,2000.0,Perfume
1528,2023-07-06,19:44:00,126,Female,36.0,Clothing,2.0,30.0,12.3,60.0,Casual Shirt
759,2023-05-23,21:21:00,75,Male,49.0,Electronics,2.0,50.0,21.5,100.0,Monitor
870,2022-04-11,19:41:00,16,Female,46.0,Electronics,4.0,30.0,11.1,120.0,Bluetooth Speaker
1759,2022-11-03,17:27:00,102,Male,49.0,Electronics,2.0,50.0,23.0,100.0,Headphones
1870,2023-11-09,20:38:00,119,Female,46.0,Electronics,4.0,30.0,10.5,120.0,Keyboard
77,2022-04-07,20:45:00,44,Female,47.0,Clothing,2.0,50.0,24.0,100.0,Jeans
381,2022-01-30,19:05:00,63,Female,44.0,Clothing,4.0,25.0,12.25,100.0,Casual Shirt
439,2022-05-06,21:46:00,42,Male,50.0,Clothing,3.0,25.0,11.75,75.0,Sweater
792,2023-01-04,22:50:00,4,Female,20.0,Beauty,1.0,50.0,26.5,50.0,Face Cream
1077,2022-12-16,18:45:00,141,Female,47.0,Clothing,2.0,50.0,15.0,100.0,Jacket
1381,2022-10-26,17:26:00,48,Female,44.0,Clothing,4.0,25.0,7.75,100.0,Skirt
1439,2023-11-18,20:53:00,76,Male,50.0,Clothing,3.0,25.0,7.25,75.0,Jacket
1792,2023-08-26,17:37:00,88,Female,20.0,Beauty,1.0,50.0,26.5,50.0,Shampoo
176,2023-05-26,18:15:00,53,Female,43.0,Beauty,2.0,50.0,25.5,100.0,Hair Serum
216,2022-11-04,17:28:00,141,Male,62.0,Electronics,2.0,50.0,26.5,100.0,Tablet
1176,2023-01-04,20:33:00,34,Female,43.0,Beauty,2.0,50.0,21.0,100.0,Body Lotion
1216,2023-03-01,22:53:00,23,Male,62.0,Electronics,2.0,50.0,13.0,100.0,Monitor
772,2023-04-14,21:47:00,25,Male,26.0,Electronics,1.0,30.0,16.2,30.0,Wireless Mouse
1772,2022-02-03,19:06:00,59,Male,26.0,Electronics,1.0,30.0,13.2,30.0,Headphones
53,2022-01-06,17:57:00,32,Male,34.0,Electronics,2.0,50.0,22.0,100.0,Bluetooth Speaker
1053,2023-02-10,21:13:00,40,Male,34.0,Electronics,2.0,50.0,20.5,100.0,Power Bank
43,2023-03-18,21:42:00,118,Female,48.0,Clothing,1.0,300.0,111.0,300.0,Skirt
71,2023-02-16,19:11:00,32,Female,51.0,Beauty,4.0,25.0,11.5,100.0,Body Lotion
93,2022-01-25,20:52:00,148,Female,35.0,Beauty,4.0,500.0,140.0,2000.0,Hair Serum
302,2023-02-09,17:51:00,26,Male,57.0,Beauty,2.0,300.0,135.0,600.0,Foundation
551,2023-03-21,22:45:00,99,Male,45.0,Electronics,3.0,300.0,141.0,900.0,Smartphone
681,2023-08-04,22:12:00,24,Female,43.0,Electronics,2.0,30.0,8.4,60.0,Monitor
722,2023-02-24,18:35:00,25,Male,20.0,Beauty,3.0,300.0,162.0,900.0,Shampoo
728,2022-06-02,19:35:00,78,Male,51.0,Electronics,3.0,50.0,18.0,150.0,Smartwatch
829,2022-03-24,21:31:00,52,Male,61.0,Beauty,3.0,30.0,9.6,90.0,Moisturizer
955,2022-01-16,17:57:00,16,Male,58.0,Clothing,1.0,25.0,12.5,25.0,Sneakers
1043,2023-11-30,18:10:00,20,Female,48.0,Clothing,1.0,300.0,87.0,300.0,Jeans
1071,2023-09-21,17:38:00,155,Female,51.0,Beauty,4.0,25.0,6.75,100.0,Face Wash
1093,2023-11-06,17:26:00,87,Female,35.0,Beauty,4.0,500.0,270.0,2000.0,Shampoo
1302,2022-12-21,17:55:00,20,Male,57.0,Beauty,2.0,300.0,102.0,600.0,Shampoo
1551,2023-11-12,22:36:00,84,Male,45.0,Electronics,3.0,300.0,81.0,900.0,Keyboard
1681,2022-11-09,19:32:00,53,Female,43.0,Electronics,2.0,30.0,11.1,60.0,Laptop
1722,2022-01-30,20:38:00,22,Male,20.0,Beauty,3.0,300.0,159.0,900.0,Moisturizer
1728,2023-05-23,22:30:00,77,Male,51.0,Electronics,3.0,50.0,25.0,150.0,Smartphone
1829,2022-05-30,22:37:00,58,Male,61.0,Beauty,3.0,30.0,12.0,90.0,Face Cream
1955,2022-09-15,21:11:00,134,Male,58.0,Clothing,1.0,25.0,6.5,25.0,Hoodie
144,2022-03-26,22:18:00,119,Female,59.0,Beauty,3.0,500.0,255.0,1500.0,Face Cream
474,2022-05-08,17:57:00,145,Female,26.0,Clothing,3.0,500.0,210.0,1500.0,Dress
1144,2022-12-30,21:27:00,148,Female,59.0,Beauty,3.0,500.0,125.0,1500.0,Body Lotion
1474,2022-05-15,20:49:00,84,Female,26.0,Clothing,3.0,500.0,255.0,1500.0,Hoodie
603,2022-04-18,20:17:00,95,Female,40.0,Clothing,3.0,30.0,14.1,90.0,Skirt
661,2022-08-05,22:09:00,10,Female,44.0,Clothing,4.0,25.0,7.0,100.0,Jacket
1603,2023-12-04,20:50:00,132,Female,40.0,Clothing,3.0,30.0,13.2,90.0,Sneakers
1661,2023-07-07,19:18:00,20,Female,44.0,Clothing,4.0,25.0,6.25,100.0,Casual Shirt
143,2023-02-11,22:20:00,118,Female,45.0,Clothing,1.0,50.0,27.5,50.0,Skirt
515,2022-02-13,20:47:00,71,Female,49.0,Clothing,3.0,300.0,75.0,900.0,Trousers
1143,2023-05-01,21:10:00,23,Female,45.0,Clothing,1.0,50.0,15.0,50.0,Jacket
1515,2023-02-04,21:49:00,107,Female,49.0,Clothing,3.0,300.0,135.0,900.0,Jacket
304,2023-03-23,18:35:00,59,Female,37.0,Electronics,2.0,30.0,15.6,60.0,Laptop
676,2023-07-10,22:13:00,80,Male,63.0,Electronics,3.0,500.0,205.0,1500.0,Headphones
686,2022-01-06,17:14:00,68,Female,28.0,Electronics,4.0,50.0,23.5,200.0,Monitor
698,2022-03-17,20:56:00,116,Female,64.0,Electronics,1.0,300.0,123.0,300.0,Wireless Mouse
1304,2022-09-26,22:19:00,4,Female,37.0,Electronics,2.0,30.0,9.3,60.0,Monitor
1676,2023-09-21,20:22:00,91,Male,63.0,Electronics,3.0,500.0,210.0,1500.0,Smartwatch
1686,2023-12-10,20:41:00,151,Female,28.0,Electronics,4.0,50.0,26.0,200.0,Keyboard
1698,2022-04-07,21:50:00,146,Female,64.0,Electronics,1.0,300.0,105.0,300.0,Monitor
709,2022-09-22,22:32:00,61,Female,19.0,Electronics,2.0,500.0,140.0,1000.0,Laptop
1709,2023-09-13,20:22:00,97,Female,19.0,Electronics,2.0,500.0,185.0,1000.0,Smartwatch
114,2022-04-17,20:57:00,92,Female,22.0,Beauty,4.0,25.0,9.25,100.0,Hair Serum
359,2022-12-15,21:49:00,122,Male,50.0,Clothing,1.0,50.0,22.5,50.0,Dress
1114,2022-08-18,22:19:00,100,Female,22.0,Beauty,4.0,25.0,12.0,100.0,Hair Serum
1359,2022-05-17,22:21:00,55,Male,50.0,Clothing,1.0,50.0,19.0,50.0,Dress
773,2023-01-14,19:10:00,3,Male,25.0,Electronics,4.0,500.0,175.0,2000.0,Smartphone
1773,2023-12-12,18:50:00,80,Male,25.0,Electronics,4.0,500.0,165.0,2000.0,Keyboard
127,2023-05-20,19:37:00,40,Female,33.0,Clothing,2.0,25.0,7.5,50.0,Dress
213,2023-08-13,20:48:00,113,Male,27.0,Beauty,3.0,500.0,275.0,1500.0,Foundation
487,2023-04-09,21:03:00,36,Male,44.0,Clothing,4.0,500.0,235.0,2000.0,Jacket
495,2022-06-24,21:06:00,131,Male,24.0,Beauty,2.0,30.0,11.7,60.0,Shampoo
605,2023-10-19,22:24:00,76,Male,37.0,Electronics,2.0,500.0,180.0,1000.0,Keyboard
1127,2022-03-15,19:26:00,87,Female,33.0,Clothing,2.0,25.0,13.0,50.0,Hoodie
1213,2023-06-21,17:23:00,41,Male,27.0,Beauty,3.0,500.0,185.0,1500.0,Sunscreen
1487,2023-02-01,19:01:00,131,Male,44.0,Clothing,4.0,500.0,140.0,2000.0,Dress
1495,2023-03-14,22:37:00,113,Male,24.0,Beauty,2.0,30.0,16.2,60.0,Face Wash
1605,2022-01-24,19:39:00,2,Male,37.0,Electronics,2.0,500.0,165.0,1000.0,Tablet
105,2023-06-18,18:05:00,82,Female,22.0,Electronics,1.0,500.0,230.0,500.0,Keyboard
299,2023-01-25,20:03:00,76,Male,61.0,Electronics,2.0,500.0,230.0,1000.0,Tablet
934,2022-11-22,18:20:00,111,Male,30.0,Beauty,1.0,500.0,240.0,500.0,Lipstick
1105,2022-11-12,19:09:00,19,Female,22.0,Electronics,1.0,500.0,270.0,500.0,Wireless Mouse
1299,2022-05-08,18:58:00,11,Male,61.0,Electronics,2.0,500.0,250.0,1000.0,Keyboard
1934,2022-09-08,17:06:00,69,Male,30.0,Beauty,1.0,500.0,150.0,500.0,Shampoo
270,2022-12-17,17:46:00,84,Male,43.0,Electronics,1.0,300.0,117.0,300.0,Smartwatch
338,2022-02-05,21:26:00,44,Male,54.0,Beauty,2.0,50.0,20.0,100.0,Face Wash
543,2022-04-16,20:30:00,121,Male,49.0,Beauty,2.0,300.0,75.0,600.0,Sunscreen
1270,2022-08-25,22:54:00,84,Male,43.0,Electronics,1.0,300.0,108.0,300.0,Bluetooth Speaker
1338,2022-01-25,19:55:00,31,Male,54.0,Beauty,2.0,50.0,19.0,100.0,Sunscreen
1543,2022-10-03,22:40:00,73,Male,49.0,Beauty,2.0,300.0,123.0,600.0,Moisturizer
557,2023-09-27,20:01:00,155,Female,20.0,Beauty,3.0,30.0,12.9,90.0,Moisturizer
702,2023-03-03,17:18:00,66,Female,60.0,Clothing,2.0,300.0,78.0,600.0,T-Shirt
864,2023-07-31,22:16:00,139,Female,51.0,Electronics,1.0,500.0,215.0,500.0,Wireless Mouse
1557,2022-08-04,17:01:00,14,Female,20.0,Beauty,3.0,30.0,10.2,90.0,Moisturizer
1702,2023-07-31,21:54:00,102,Female,60.0,Clothing,2.0,300.0,87.0,600.0,T-Shirt
1864,2023-04-30,21:00:00,112,Female,51.0,Electronics,1.0,500.0,190.0,500.0,Monitor
254,2022-12-14,22:45:00,104,Male,41.0,Electronics,1.0,500.0,165.0,500.0,Smartphone
295,2022-02-01,20:23:00,80,Female,27.0,Beauty,3.0,300.0,105.0,900.0,Sunscreen
457,2022-11-28,22:49:00,38,Female,58.0,Beauty,3.0,300.0,147.0,900.0,Hair Serum
668,2022-06-17,20:33:00,135,Female,62.0,Electronics,3.0,50.0,24.5,150.0,Tablet
850,2023-09-14,19:01:00,58,Female,26.0,Beauty,2.0,500.0,235.0,1000.0,Lipstick
1254,2023-04-12,18:24:00,86,Male,41.0,Electronics,1.0,500.0,180.0,500.0,Monitor
1295,2023-11-04,19:28:00,86,Female,27.0,Beauty,3.0,300.0,81.0,900.0,Body Lotion
1457,2023-03-25,21:31:00,140,Female,58.0,Beauty,3.0,300.0,108.0,900.0,Lipstick
1668,2023-03-13,21:40:00,132,Female,62.0,Electronics,3.0,50.0,14.0,150.0,Smartwatch
1850,2022-02-16,20:44:00,154,Female,26.0,Beauty,2.0,500.0,240.0,1000.0,Sunscreen
541,2022-12-25,18:37:00,39,Male,56.0,Beauty,1.0,500.0,215.0,500.0,Moisturizer
980,2022-10-14,19:51:00,147,Female,31.0,Electronics,3.0,25.0,12.5,75.0,Laptop
1541,2023-10-02,22:17:00,57,Male,56.0,Beauty,1.0,500.0,195.0,500.0,Shampoo
1980,2023-08-23,20:30:00,112,Female,31.0,Electronics,3.0,25.0,6.5,75.0,Smartphone
262,2023-09-15,20:33:00,30,Female,32.0,Beauty,4.0,30.0,12.6,120.0,Moisturizer
467,2022-01-24,22:39:00,151,Female,53.0,Electronics,3.0,50.0,14.5,150.0,Keyboard
1262,2022-08-13,20:33:00,127,Female,32.0,Beauty,4.0,30.0,8.4,120.0,Face Cream
1467,2023-08-13,19:31:00,89,Female,53.0,Electronics,3.0,50.0,14.0,150.0,Monitor
463,2023-01-29,20:22:00,55,Female,54.0,Beauty,3.0,500.0,175.0,1500.0,Body Lotion
1463,2022-07-29,19:45:00,98,Female,54.0,Beauty,3.0,500.0,170.0,1500.0,Perfume
598,2022-06-23,17:02:00,7,Male,37.0,Beauty,4.0,30.0,11.1,120.0,Shampoo
667,2022-12-01,18:46:00,22,Female,29.0,Electronics,1.0,500.0,190.0,500.0,Tablet
672,2022-02-17,19:44:00,1,Female,34.0,Beauty,2.0,50.0,27.5,100.0,Body Lotion
1598,2023-01-15,19:17:00,126,Male,37.0,Beauty,4.0,30.0,9.9,120.0,Face Wash
1667,2022-07-04,19:09:00,40,Female,29.0,Electronics,1.0,500.0,125.0,500.0,Laptop
1672,2023-03-28,22:34:00,87,Female,34.0,Beauty,2.0,50.0,15.5,100.0,Lipstick
949,2023-06-20,20:28:00,21,Female,41.0,Electronics,2.0,25.0,9.0,50.0,Laptop
1949,2022-11-11,20:24:00,105,Female,41.0,Electronics,2.0,25.0,12.5,50.0,Power Bank
27,2023-12-14,19:44:00,39,Female,38.0,Beauty,2.0,25.0,8.25,50.0,Body Lotion
347,2022-03-26,19:31:00,26,Male,42.0,Electronics,1.0,25.0,7.0,25.0,Power Bank
687,2022-06-27,17:14:00,86,Female,53.0,Electronics,1.0,300.0,150.0,300.0,Power Bank
1027,2022-04-30,21:00:00,131,Female,38.0,Beauty,2.0,25.0,7.5,50.0,Moisturizer
1347,2023-11-21,21:55:00,7,Male,42.0,Electronics,1.0,25.0,13.0,25.0,Laptop
1687,2023-02-17,22:27:00,102,Female,53.0,Electronics,1.0,300.0,81.0,300.0,Tablet
549,2022-11-03,19:39:00,114,Female,50.0,Beauty,2.0,50.0,12.5,100.0,Hair Serum
675,2023-07-19,18:10:00,26,Female,45.0,Clothing,2.0,30.0,15.9,60.0,Dress
730,2022-02-20,19:38:00,131,Female,36.0,Clothing,2.0,25.0,13.25,50.0,Hoodie
798,2023-01-20,21:19:00,73,Male,61.0,Clothing,1.0,50.0,15.0,50.0,Jeans
1549,2023-11-15,19:25:00,109,Female,50.0,Beauty,2.0,50.0,14.5,100.0,Hair Serum
1675,2022-05-17,19:55:00,152,Female,45.0,Clothing,2.0,30.0,16.2,60.0,Jeans
1730,2023-08-14,19:17:00,116,Female,36.0,Clothing,2.0,25.0,10.75,50.0,Jacket
1798,2023-07-18,20:26:00,96,Male,61.0,Clothing,1.0,50.0,20.0,50.0,Sneakers
13,2023-02-08,17:43:00,106,Male,22.0,Electronics,3.0,500.0,245.0,1500.0,Wireless Mouse
35,2022-10-29,17:30:00,122,Female,58.0,Beauty,3.0,300.0,126.0,900.0,Foundation
140,2022-07-07,20:20:00,61,Male,38.0,Electronics,1.0,30.0,14.4,30.0,Bluetooth Speaker
206,2022-09-02,18:18:00,31,Male,61.0,Clothing,1.0,25.0,11.75,25.0,Jeans
261,2022-02-06,17:48:00,16,Male,21.0,Clothing,2.0,25.0,8.25,50.0,Skirt
279,2023-08-10,17:29:00,38,Male,50.0,Clothing,1.0,500.0,210.0,500.0,T-Shirt
308,2022-03-31,19:12:00,130,Female,34.0,Beauty,4.0,300.0,126.0,1200.0,Moisturizer
418,2022-04-01,18:05:00,95,Female,60.0,Electronics,2.0,500.0,155.0,1000.0,Power Bank
1013,2022-07-16,19:38:00,111,Male,22.0,Electronics,3.0,500.0,200.0,1500.0,Headphones
1035,2023-04-26,21:56:00,52,Female,58.0,Beauty,3.0,300.0,105.0,900.0,Hair Serum
1140,2022-05-22,19:26:00,154,Male,38.0,Electronics,1.0,30.0,15.9,30.0,Bluetooth Speaker
1206,2023-05-14,19:45:00,68,Male,61.0,Clothing,1.0,25.0,8.5,25.0,Dress
1261,2022-09-27,21:19:00,116,Male,21.0,Clothing,2.0,25.0,6.25,50.0,Trousers
1279,2022-04-21,22:55:00,116,Male,50.0,Clothing,1.0,500.0,170.0,500.0,Skirt
1308,2023-06-19,22:39:00,91,Female,34.0,Beauty,4.0,300.0,150.0,1200.0,Body Lotion
1418,2022-09-17,18:19:00,68,Female,60.0,Electronics,2.0,500.0,215.0,1000.0,Headphones
612,2022-02-23,19:06:00,77,Female,61.0,Electronics,1.0,500.0,235.0,500.0,Smartwatch
875,2023-11-30,21:47:00,134,Female,51.0,Electronics,4.0,500.0,135.0,2000.0,Keyboard
1612,2022-12-18,21:14:00,140,Female,61.0,Electronics,1.0,500.0,230.0,500.0,Smartphone
1875,2022-06-03,22:42:00,141,Female,51.0,Electronics,4.0,500.0,165.0,2000.0,Monitor
430,2023-05-23,18:36:00,100,Female,43.0,Electronics,3.0,300.0,153.0,900.0,Power Bank
633,2023-07-06,22:20:00,35,Male,39.0,Beauty,4.0,30.0,12.3,120.0,Body Lotion
1430,2023-10-31,18:25:00,22,Female,43.0,Electronics,3.0,300.0,132.0,900.0,Monitor
1633,2022-12-31,18:18:00,152,Male,39.0,Beauty,4.0,30.0,11.4,120.0,Lipstick
125,2022-09-28,18:48:00,137,Male,48.0,Clothing,2.0,50.0,19.0,100.0,Jeans
716,2023-08-13,19:51:00,137,Female,60.0,Clothing,4.0,300.0,108.0,1200.0,Sweater
790,2023-04-13,20:47:00,29,Male,62.0,Clothing,1.0,25.0,9.25,25.0,Dress
960,2023-03-29,19:01:00,134,Male,59.0,Clothing,2.0,30.0,14.4,60.0,Skirt
1125,2023-11-12,17:51:00,79,Male,48.0,Clothing,2.0,50.0,21.5,100.0,Jeans
1716,2022-02-12,19:16:00,39,Female,60.0,Clothing,4.0,300.0,87.0,1200.0,Jacket
1790,2023-05-14,20:52:00,147,Male,62.0,Clothing,1.0,25.0,7.5,25.0,T-Shirt
1960,2022-06-29,22:04:00,67,Male,59.0,Clothing,2.0,30.0,13.2,60.0,T-Shirt
259,2023-03-11,20:26:00,93,Female,45.0,Clothing,4.0,50.0,22.5,200.0,Dress
443,2023-09-19,20:25:00,98,Male,29.0,Clothing,2.0,300.0,114.0,600.0,Sweater
529,2022-11-29,17:43:00,46,Female,35.0,Clothing,3.0,50.0,20.5,150.0,Jeans
563,2022-12-21,18:40:00,150,Male,20.0,Clothing,2.0,30.0,16.2,60.0,Jeans
1259,2022-11-03,17:31:00,105,Female,45.0,Clothing,4.0,50.0,21.0,200.0,Sneakers
1443,2022-06-18,19:37:00,81,Male,29.0,Clothing,2.0,300.0,147.0,600.0,Casual Shirt
1529,2022-09-17,22:38:00,105,Female,35.0,Clothing,3.0,50.0,17.0,150.0,Jacket
1563,2022-10-13,17:44:00,22,Male,20.0,Clothing,2.0,30.0,15.3,60.0,Skirt
801,2022-12-01,17:14:00,153,Male,21.0,Clothing,4.0,50.0,19.0,200.0,Sweater
1801,2022-07-10,22:01:00,148,Male,21.0,Clothing,4.0,50.0,13.5,200.0,Hoodie
160,2022-07-20,17:08:00,127,Female,43.0,Clothing,2.0,50.0,26.5,100.0,Casual Shirt
508,2023-07-05,22:52:00,32,Male,58.0,Beauty,2.0,300.0,123.0,600.0,Face Wash
807,2023-01-26,19:49:00,91,Female,50.0,Electronics,4.0,50.0,15.5,200.0,Monitor
1160,2023-08-20,19:20:00,105,Female,43.0,Clothing,2.0,50.0,14.0,100.0,Jacket
1508,2022-04-08,20:32:00,90,Male,58.0,Beauty,2.0,300.0,81.0,600.0,Face Wash
1807,2022-08-04,22:15:00,19,Female,50.0,Electronics,4.0,50.0,22.0,200.0,Headphones
511,2023-12-23,18:19:00,146,Male,45.0,Beauty,2.0,50.0,24.5,100.0,Hair Serum
521,2023-10-28,19:56:00,133,Female,47.0,Clothing,4.0,30.0,8.7,120.0,Trousers
695,2022-04-03,22:12:00,52,Female,22.0,Electronics,3.0,50.0,21.0,150.0,Wireless Mouse
816,2023-09-27,19:29:00,133,Male,47.0,Beauty,2.0,500.0,240.0,1000.0,Moisturizer
1511,2022-04-09,21:36:00,45,Male,45.0,Beauty,2.0,50.0,13.5,100.0,Face Cream
1521,2023-07-23,19:08:00,30,Female,47.0,Clothing,4.0,30.0,12.9,120.0,Hoodie
1695,2023-09-21,20:51:00,85,Female,22.0,Electronics,3.0,50.0,23.0,150.0,Smartwatch
1816,2022-06-17,22:30:00,52,Male,47.0,Beauty,2.0,500.0,245.0,1000.0,Hair Serum
217,2022-05-02,17:01:00,17,Female,35.0,Electronics,4.0,50.0,26.5,200.0,Keyboard
384,2022-04-10,19:53:00,127,Male,55.0,Clothing,1.0,500.0,145.0,500.0,Sneakers
1217,2023-10-16,19:28:00,70,Female,35.0,Electronics,4.0,50.0,18.0,200.0,Bluetooth Speaker
1384,2023-12-17,20:23:00,106,Male,55.0,Clothing,1.0,500.0,260.0,500.0,Jeans
648,2023-02-23,18:13:00,41,Male,53.0,Beauty,4.0,300.0,138.0,1200.0,Body Lotion
926,2023-10-06,22:53:00,53,Male,22.0,Electronics,1.0,30.0,15.6,30.0,Power Bank
1648,2023-07-10,17:18:00,16,Male,53.0,Beauty,4.0,300.0,87.0,1200.0,Body Lotion
1926,2023-08-07,20:22:00,74,Male,22.0,Electronics,1.0,30.0,9.6,30.0,Smartphone
285,2023-12-01,18:14:00,107,Female,31.0,Electronics,1.0,25.0,13.5,25.0,Wireless Mouse
427,2023-11-16,21:26:00,120,Male,25.0,Electronics,1.0,25.0,11.75,25.0,Tablet
569,2022-04-29,20:49:00,132,Male,52.0,Electronics,4.0,50.0,19.0,200.0,Smartwatch
570,2022-06-09,22:53:00,91,Male,49.0,Clothing,1.0,500.0,185.0,500.0,Jeans
630,2023-03-21,17:29:00,94,Male,42.0,Clothing,2.0,50.0,25.5,100.0,Sweater
957,2023-06-19,19:00:00,105,Female,60.0,Electronics,4.0,30.0,9.3,120.0,Headphones
1285,2023-06-01,21:55:00,130,Female,31.0,Electronics,1.0,25.0,12.25,25.0,Smartwatch
1427,2023-07-15,18:36:00,92,Male,25.0,Electronics,1.0,25.0,11.5,25.0,Monitor
1569,2023-11-30,21:07:00,35,Male,52.0,Electronics,4.0,50.0,18.0,200.0,Smartphone
1570,2023-06-15,22:32:00,109,Male,49.0,Clothing,1.0,500.0,170.0,500.0,T-Shirt
1630,2022-05-22,17:22:00,95,Male,42.0,Clothing,2.0,50.0,16.0,100.0,Hoodie
1957,2022-10-25,19:00:00,75,Female,60.0,Electronics,4.0,30.0,14.7,120.0,Smartwatch
635,2022-12-04,21:03:00,89,Female,63.0,Electronics,3.0,300.0,129.0,900.0,Laptop
1635,2023-04-17,18:08:00,36,Female,63.0,Electronics,3.0,300.0,159.0,900.0,Monitor
29,2022-03-08,20:10:00,31,Female,42.0,Electronics,1.0,30.0,13.5,30.0,Smartwatch
277,2023-07-03,22:10:00,139,Male,36.0,Clothing,4.0,25.0,12.25,100.0,Jeans
859,2022-09-20,21:52:00,46,Female,56.0,Electronics,3.0,500.0,190.0,1500.0,Power Bank
1029,2023-07-18,19:23:00,117,Female,42.0,Electronics,1.0,30.0,12.3,30.0,Smartwatch
1277,2023-10-17,21:20:00,80,Male,36.0,Clothing,4.0,25.0,12.75,100.0,Trousers
1859,2022-09-14,20:58:00,32,Female,56.0,Electronics,3.0,500.0,205.0,1500.0,Smartwatch
638,2023-01-10,19:52:00,154,Male,46.0,Electronics,1.0,500.0,190.0,500.0,Smartwatch
823,2023-12-03,17:42:00,66,Female,56.0,Electronics,2.0,50.0,25.0,100.0,Bluetooth Speaker
956,2023-04-24,21:50:00,140,Male,30.0,Clothing,3.0,500.0,135.0,1500.0,Jacket
981,2022-02-05,21:08:00,5,Female,30.0,Electronics,2.0,30.0,12.9,60.0,Monitor
1638,2022-08-13,18:26:00,37,Male,46.0,Electronics,1.0,500.0,155.0,500.0,Smartphone
1823,2022-11-08,22:28:00,58,Female,56.0,Electronics,2.0,50.0,26.5,100.0,Tablet
1956,2023-06-01,20:40:00,62,Male,30.0,Clothing,3.0,500.0,170.0,1500.0,Jacket
1981,2022-06-05,22:50:00,19,Female,30.0,Electronics,2.0,30.0,11.7,60.0,Laptop
219,2023-09-16,22:34:00,79,Female,53.0,Electronics,3.0,30.0,10.2,90.0,Power Bank
1219,2022-11-02,21:47:00,149,Female,53.0,Electronics,3.0,30.0,11.1,90.0,Tablet
73,2022-01-14,21:47:00,42,Male,29.0,Electronics,3.0,30.0,9.0,90.0,Laptop
162,2023-04-11,19:37:00,118,Male,39.0,Clothing,2.0,30.0,9.0,60.0,Jeans
306,2022-01-04,22:05:00,148,Male,54.0,Electronics,1.0,50.0,26.5,50.0,Smartphone
725,2023-09-21,20:32:00,2,Male,61.0,Electronics,1.0,300.0,153.0,300.0,Laptop
880,2023-09-26,20:13:00,63,Male,22.0,Beauty,2.0,500.0,175.0,1000.0,Face Cream
992,2023-10-15,19:34:00,134,Female,57.0,Electronics,2.0,30.0,7.8,60.0,Bluetooth Speaker
1073,2022-02-21,18:16:00,82,Male,29.0,Electronics,3.0,30.0,15.3,90.0,Smartwatch
1162,2022-07-13,17:08:00,101,Male,39.0,Clothing,2.0,30.0,12.6,60.0,Trousers
1306,2023-11-11,20:57:00,122,Male,54.0,Electronics,1.0,50.0,18.5,50.0,Bluetooth Speaker
1725,2022-05-16,21:02:00,109,Male,61.0,Electronics,1.0,300.0,105.0,300.0,Smartphone
1880,2023-06-14,20:03:00,37,Male,22.0,Beauty,2.0,500.0,175.0,1000.0,Perfume
1992,2023-05-19,21:35:00,70,Female,57.0,Electronics,2.0,30.0,8.7,60.0,Tablet
597,2022-11-01,19:29:00,84,Male,22.0,Beauty,4.0,300.0,111.0,1200.0,Face Cream
622,2022-10-16,22:00:00,155,Female,49.0,Beauty,3.0,25.0,6.25,75.0,Perfume
1597,2023-08-28,18:21:00,32,Male,22.0,Beauty,4.0,300.0,78.0,1200.0,Face Wash
1622,2023-04-22,21:28:00,54,Female,49.0,Beauty,3.0,25.0,11.75,75.0,Foundation
116,2023-06-22,20:04:00,58,Female,23.0,Clothing,1.0,30.0,15.0,30.0,Jeans
364,2022-06-07,19:06:00,98,Female,19.0,Beauty,1.0,500.0,200.0,500.0,Shampoo
368,2023-01-31,21:11:00,90,Female,56.0,Clothing,4.0,300.0,132.0,1200.0,Sweater
1116,2022-08-15,22:26:00,145,Female,23.0,Clothing,1.0,30.0,12.3,30.0,Sweater
1364,2023-09-23,17:04:00,72,Female,19.0,Beauty,1.0,500.0,250.0,500.0,Body Lotion
1368,2022-03-08,21:29:00,145,Female,56.0,Clothing,4.0,300.0,132.0,1200.0,Casual Shirt
50,2022-03-29,18:51:00,71,Female,27.0,Beauty,3.0,25.0,10.5,75.0,Sunscreen
479,2022-11-03,21:35:00,90,Male,52.0,Electronics,4.0,300.0,105.0,1200.0,Headphones
804,2023-12-11,17:12:00,99,Male,42.0,Electronics,1.0,30.0,10.8,30.0,Keyboard
1050,2022-12-10,20:15:00,24,Female,27.0,Beauty,3.0,25.0,11.25,75.0,Foundation
1479,2022-05-31,22:24:00,108,Male,52.0,Electronics,4.0,300.0,162.0,1200.0,Smartwatch
1804,2023-01-10,22:46:00,74,Male,42.0,Electronics,1.0,30.0,14.7,30.0,Monitor
92,2022-03-21,19:41:00,10,Female,51.0,Electronics,4.0,30.0,8.7,120.0,Smartphone
282,2023-10-05,17:39:00,10,Female,64.0,Electronics,4.0,50.0,56.0,200.0,Power Bank
718,2023-11-02,20:25:00,154,Female,59.0,Beauty,3.0,25.0,25.0,75.0,Moisturizer
1092,2022-05-03,20:15:00,58,Female,51.0,Electronics,4.0,30.0,31.5,120.0,Keyboard
1282,2023-02-20,20:05:00,23,Female,64.0,Electronics,4.0,50.0,48.5,200.0,Smartphone
1718,2023-10-25,19:03:00,20,Female,59.0,Beauty,3.0,25.0,25.5,75.0,Face Cream
617,2022-08-06,19:12:00,30,Male,34.0,Electronics,1.0,30.0,28.5,30.0,Keyboard
624,2022-02-05,19:08:00,48,Female,34.0,Beauty,3.0,300.0,342.0,900.0,Face Wash
825,2022-01-08,17:27:00,51,Female,46.0,Beauty,1.0,25.0,27.25,25.0,Face Wash
1617,2022-05-01,17:09:00,77,Male,34.0,Electronics,1.0,30.0,35.1,30.0,Headphones
1624,2022-11-18,20:48:00,121,Female,34.0,Beauty,3.0,300.0,363.0,900.0,Hair Serum
1825,2023-08-30,18:34:00,105,Female,46.0,Beauty,1.0,25.0,27.0,25.0,Hair Serum
568,2023-08-11,20:03:00,32,Female,51.0,Electronics,1.0,300.0,372.0,300.0,Headphones
671,2023-09-23,19:51:00,2,Male,62.0,Electronics,3.0,50.0,61.5,150.0,Headphones
756,2023-07-17,20:33:00,4,Female,62.0,Electronics,4.0,300.0,333.0,1200.0,Bluetooth Speaker
815,2023-04-05,21:15:00,139,Female,51.0,Clothing,3.0,25.0,23.75,75.0,Trousers
1568,2022-10-09,22:34:00,51,Female,51.0,Electronics,1.0,300.0,336.0,300.0,Laptop
1671,2023-02-28,20:55:00,47,Male,62.0,Electronics,3.0,50.0,62.5,150.0,Headphones
1756,2022-05-12,22:16:00,119,Female,62.0,Electronics,4.0,300.0,297.0,1200.0,Laptop
1815,2023-05-24,22:19:00,6,Female,51.0,Clothing,3.0,25.0,30.5,75.0,Dress
146,2022-11-10,22:01:00,74,Male,38.0,Clothing,4.0,50.0,49.0,200.0,Trousers
263,2022-05-04,21:48:00,133,Male,23.0,Beauty,2.0,30.0,34.8,60.0,Sunscreen
704,2023-09-11,22:40:00,141,Female,62.0,Clothing,3.0,30.0,34.8,90.0,Casual Shirt
1146,2023-10-09,21:11:00,52,Male,38.0,Clothing,4.0,50.0,60.0,200.0,Hoodie
1263,2022-09-07,20:49:00,47,Male,23.0,Beauty,2.0,30.0,35.4,60.0,Face Wash
1704,2022-09-16,20:07:00,155,Female,62.0,Clothing,3.0,30.0,30.3,90.0,Trousers
476,2023-12-12,18:31:00,131,Female,27.0,Clothing,4.0,500.0,570.0,2000.0,Casual Shirt
733,2022-10-25,21:07:00,143,Male,34.0,Beauty,1.0,30.0,28.5,30.0,Moisturizer
924,2022-09-17,22:18:00,151,Male,55.0,Beauty,2.0,50.0,55.0,100.0,Hair Serum
984,2023-11-20,19:29:00,83,Male,56.0,Clothing,1.0,500.0,480.0,500.0,Casual Shirt
1476,2022-11-11,22:27:00,130,Female,27.0,Clothing,4.0,500.0,555.0,2000.0,Trousers
1733,2023-09-03,20:52:00,146,Male,34.0,Beauty,1.0,30.0,36.6,30.0,Face Wash
1924,2022-11-28,22:25:00,107,Male,55.0,Beauty,2.0,50.0,54.5,100.0,Shampoo
1984,2023-09-09,20:10:00,126,Male,56.0,Clothing,1.0,500.0,530.0,500.0,Jeans
251,2022-09-15,21:00:00,141,Female,57.0,Beauty,4.0,50.0,62.5,200.0,Foundation
253,2022-09-30,21:26:00,66,Female,53.0,Clothing,4.0,500.0,525.0,2000.0,Sneakers
574,2023-09-17,20:12:00,24,Female,63.0,Electronics,2.0,25.0,24.75,50.0,Wireless Mouse
751,2023-11-08,19:58:00,115,Female,42.0,Clothing,2.0,25.0,24.75,50.0,Sweater
871,2023-11-02,23:00:00,57,Male,62.0,Beauty,2.0,30.0,33.9,60.0,Lipstick
1251,2022-09-11,21:08:00,137,Female,57.0,Beauty,4.0,50.0,57.5,200.0,Face Wash
1253,2023-12-03,19:58:00,108,Female,53.0,Clothing,4.0,500.0,605.0,2000.0,Hoodie
1574,2022-10-26,21:51:00,150,Female,63.0,Electronics,2.0,25.0,24.75,50.0,Keyboard
1751,2023-12-27,22:09:00,99,Female,42.0,Clothing,2.0,25.0,30.25,50.0,Skirt
1871,2022-09-26,18:39:00,41,Male,62.0,Beauty,2.0,30.0,30.6,60.0,Face Wash
200,2022-10-09,22:29:00,130,Male,27.0,Beauty,3.0,50.0,60.0,150.0,Shampoo
594,2023-09-07,21:49:00,72,Female,19.0,Electronics,2.0,300.0,291.0,600.0,Bluetooth Speaker
637,2022-12-02,18:54:00,21,Male,43.0,Clothing,2.0,300.0,321.0,600.0,Skirt
855,2022-11-21,19:43:00,13,Male,54.0,Beauty,1.0,25.0,25.75,25.0,Body Lotion
1200,2023-10-18,19:04:00,20,Male,27.0,Beauty,3.0,50.0,54.5,150.0,Moisturizer
1594,2023-10-01,19:02:00,31,Female,19.0,Electronics,2.0,300.0,345.0,600.0,Bluetooth Speaker
1637,2022-10-25,20:50:00,97,Male,43.0,Clothing,2.0,300.0,297.0,600.0,Jacket
1855,2023-12-27,21:15:00,44,Male,54.0,Beauty,1.0,25.0,31.25,25.0,Hair Serum
325,2023-09-16,22:02:00,6,Female,52.0,Electronics,2.0,25.0,31.25,50.0,Headphones
682,2023-10-23,20:51:00,60,Male,46.0,Beauty,4.0,300.0,354.0,1200.0,Shampoo
931,2023-10-07,21:34:00,48,Male,30.0,Beauty,4.0,30.0,29.1,120.0,Shampoo
1325,2022-10-11,19:47:00,18,Female,52.0,Electronics,2.0,25.0,26.75,50.0,Headphones
1682,2022-12-30,19:30:00,71,Male,46.0,Beauty,4.0,300.0,315.0,1200.0,Face Wash
1931,2022-12-01,19:15:00,61,Male,30.0,Beauty,4.0,30.0,34.2,120.0,Shampoo
925,2022-12-20,17:12:00,54,Male,25.0,Electronics,1.0,300.0,315.0,300.0,Bluetooth Speaker
1925,2023-12-21,17:05:00,81,Male,25.0,Electronics,1.0,300.0,366.0,300.0,Laptop
297,2022-09-12,21:09:00,70,Female,40.0,Electronics,2.0,500.0,595.0,1000.0,Power Bank
1297,2023-10-20,22:32:00,21,Female,40.0,Electronics,2.0,500.0,535.0,1000.0,Smartphone
814,2022-10-01,20:33:00,96,Female,59.0,Clothing,1.0,500.0,540.0,500.0,Trousers
894,2022-09-22,22:53:00,111,Male,52.0,Electronics,1.0,30.0,30.6,30.0,Power Bank
1814,2022-09-07,17:53:00,43,Female,59.0,Clothing,1.0,500.0,620.0,500.0,Casual Shirt
1894,2023-12-29,18:11:00,92,Male,52.0,Electronics,1.0,30.0,30.0,30.0,Bluetooth Speaker
194,2023-10-11,19:27:00,116,Male,55.0,Clothing,4.0,50.0,51.5,200.0,Jeans
245,2023-12-01,21:41:00,75,Male,47.0,Clothing,3.0,30.0,36.0,90.0,Skirt
296,2022-12-31,22:44:00,73,Female,22.0,Clothing,4.0,300.0,369.0,1200.0,Hoodie
644,2022-10-13,21:49:00,107,Male,23.0,Beauty,3.0,25.0,29.0,75.0,Face Wash
696,2023-10-09,18:05:00,24,Female,50.0,Clothing,4.0,50.0,48.5,200.0,T-Shirt
1194,2023-10-09,22:06:00,130,Male,55.0,Clothing,4.0,50.0,61.5,200.0,Dress
1245,2022-10-25,20:47:00,129,Male,47.0,Clothing,3.0,30.0,36.0,90.0,Trousers
1296,2022-11-26,20:42:00,45,Female,22.0,Clothing,4.0,300.0,342.0,1200.0,Dress
1644,2022-09-11,19:32:00,124,Male,23.0,Beauty,3.0,25.0,28.75,75.0,Body Lotion
1696,2022-11-21,17:59:00,24,Female,50.0,Clothing,4.0,50.0,55.0,200.0,Jeans
312,2022-10-31,18:08:00,18,Male,41.0,Clothing,4.0,30.0,28.5,120.0,Trousers
692,2022-09-30,19:48:00,110,Female,64.0,Clothing,2.0,50.0,49.5,100.0,Casual Shirt
835,2022-09-30,23:00:00,49,Male,37.0,Clothing,4.0,50.0,60.0,200.0,Sneakers
1312,2022-12-03,17:28:00,73,Male,41.0,Clothing,4.0,30.0,29.1,120.0,Jacket
1692,2023-10-11,19:50:00,103,Female,64.0,Clothing,2.0,50.0,59.5,100.0,Sweater
1835,2022-09-18,20:58:00,98,Male,37.0,Clothing,4.0,50.0,49.5,200.0,Sneakers
183,2022-09-01,19:22:00,28,Female,43.0,Beauty,3.0,300.0,375.0,900.0,Shampoo
413,2023-11-28,21:52:00,60,Female,44.0,Beauty,3.0,25.0,25.5,75.0,Body Lotion
799,2023-10-01,19:44:00,86,Male,56.0,Electronics,2.0,50.0,60.0,100.0,Power Bank
851,2023-11-30,17:23:00,30,Male,32.0,Electronics,2.0,25.0,27.75,50.0,Bluetooth Speaker
1183,2022-12-28,17:10:00,54,Female,43.0,Beauty,3.0,300.0,342.0,900.0,Shampoo
1413,2023-11-12,19:33:00,104,Female,44.0,Beauty,3.0,25.0,30.75,75.0,Moisturizer
1799,2023-10-01,19:09:00,132,Male,56.0,Electronics,2.0,50.0,51.0,100.0,Monitor
1851,2022-09-10,21:36:00,87,Male,32.0,Electronics,2.0,25.0,25.0,50.0,Smartwatch
858,2023-09-08,18:48:00,85,Male,23.0,Electronics,2.0,50.0,50.5,100.0,Wireless Mouse
919,2023-10-28,21:13:00,82,Female,22.0,Beauty,2.0,25.0,27.75,50.0,Foundation
935,2022-09-10,21:16:00,2,Female,34.0,Beauty,1.0,50.0,55.5,50.0,Sunscreen
1858,2023-09-14,20:47:00,49,Male,23.0,Electronics,2.0,50.0,52.0,100.0,Monitor
1919,2022-10-25,17:54:00,78,Female,22.0,Beauty,2.0,25.0,26.5,50.0,Foundation
1935,2022-12-16,22:40:00,96,Female,34.0,Beauty,1.0,50.0,47.5,50.0,Face Cream
132,2023-11-22,20:34:00,86,Male,42.0,Electronics,4.0,50.0,62.0,200.0,Monitor
1132,2023-11-07,17:27:00,14,Male,42.0,Electronics,4.0,50.0,59.0,200.0,Tablet
604,2022-09-16,19:34:00,139,Female,29.0,Electronics,4.0,50.0,50.5,200.0,Smartphone
832,2022-11-13,17:25:00,106,Male,47.0,Beauty,4.0,500.0,600.0,2000.0,Perfume
1604,2022-12-29,18:43:00,2,Female,29.0,Electronics,4.0,50.0,56.0,200.0,Tablet
1832,2023-11-10,21:17:00,57,Male,47.0,Beauty,4.0,500.0,480.0,2000.0,Moisturizer
113,2022-10-08,19:14:00,72,Female,41.0,Electronics,2.0,25.0,26.25,50.0,Bluetooth Speaker
1113,2023-12-08,17:41:00,141,Female,41.0,Electronics,2.0,25.0,27.75,50.0,Bluetooth Speaker
165,2022-09-24,19:01:00,75,Female,60.0,Clothing,4.0,300.0,318.0,1200.0,T-Shirt
1165,2023-12-01,17:04:00,29,Female,60.0,Clothing,4.0,300.0,291.0,1200.0,Jacket
326,2023-11-23,19:51:00,108,Female,18.0,Clothing,3.0,25.0,24.25,75.0,Jacket
1326,2023-09-01,22:35:00,66,Female,18.0,Clothing,3.0,25.0,28.75,75.0,Trousers
19,2023-11-26,19:39:00,30,Female,62.0,Clothing,2.0,25.0,28.5,50.0,Skirt
412,2022-09-04,19:36:00,30,Female,19.0,Electronics,4.0,500.0,570.0,2000.0,Headphones
632,2023-10-25,20:13:00,78,Female,26.0,Electronics,4.0,25.0,24.75,100.0,Laptop
1019,2023-12-14,21:22:00,56,Female,62.0,Clothing,2.0,25.0,25.75,50.0,T-Shirt
1412,2022-10-13,19:59:00,75,Female,19.0,Electronics,4.0,500.0,615.0,2000.0,Headphones
1632,2022-10-19,18:16:00,29,Female,26.0,Electronics,4.0,25.0,24.75,100.0,Power Bank
167,2023-09-21,20:58:00,73,Female,43.0,Clothing,3.0,50.0,49.0,150.0,Sneakers
172,2022-10-21,18:09:00,52,Male,32.0,Beauty,2.0,25.0,28.0,50.0,Face Wash
375,2023-09-22,17:32:00,25,Male,32.0,Clothing,1.0,50.0,52.0,50.0,Skirt
538,2023-12-22,18:20:00,102,Male,18.0,Clothing,3.0,50.0,56.5,150.0,Sweater
794,2022-11-02,21:47:00,145,Female,60.0,Beauty,1.0,300.0,315.0,300.0,Body Lotion
1167,2023-09-29,21:21:00,9,Female,43.0,Clothing,3.0,50.0,54.0,150.0,Jacket
1172,2022-10-19,21:12:00,150,Male,32.0,Beauty,2.0,25.0,28.5,50.0,Body Lotion
1375,2022-10-01,17:50:00,79,Male,32.0,Clothing,1.0,50.0,59.0,50.0,Dress
1538,2022-09-12,20:57:00,21,Male,18.0,Clothing,3.0,50.0,53.5,150.0,Hoodie
1794,2022-12-22,19:40:00,26,Female,60.0,Beauty,1.0,300.0,351.0,300.0,Sunscreen
131,2023-09-29,22:32:00,44,Female,21.0,Beauty,2.0,300.0,375.0,600.0,Sunscreen
330,2022-10-11,20:18:00,116,Female,25.0,Beauty,4.0,50.0,55.0,200.0,Shampoo
494,2023-09-25,20:18:00,140,Female,42.0,Beauty,4.0,50.0,58.0,200.0,Face Cream
1131,2022-12-31,19:16:00,130,Female,21.0,Beauty,2.0,300.0,336.0,600.0,Perfume
1330,2023-11-24,17:49:00,20,Female,25.0,Beauty,4.0,50.0,48.0,200.0,Perfume
1494,2022-10-23,19:29:00,74,Female,42.0,Beauty,4.0,50.0,62.5,200.0,Sunscreen
513,2022-10-21,18:31:00,85,Male,24.0,Electronics,4.0,25.0,24.5,100.0,Smartphone
573,2023-09-19,22:59:00,78,Male,49.0,Beauty,2.0,30.0,36.3,60.0,Shampoo
1513,2022-10-01,21:47:00,19,Male,24.0,Electronics,4.0,25.0,31.0,100.0,Tablet
1573,2022-10-13,21:45:00,148,Male,49.0,Beauty,2.0,30.0,31.2,60.0,Hair Serum
241,2023-12-19,20:21:00,108,Female,23.0,Electronics,3.0,25.0,26.75,75.0,Wireless Mouse
579,2023-10-06,17:43:00,41,Female,38.0,Electronics,1.0,30.0,36.6,30.0,Keyboard
1241,2023-09-10,17:28:00,26,Female,23.0,Electronics,3.0,25.0,24.5,75.0,Monitor
1579,2023-09-28,17:38:00,119,Female,38.0,Electronics,1.0,30.0,28.8,30.0,Keyboard
218,2022-11-24,20:39:00,144,Male,64.0,Beauty,3.0,30.0,33.9,90.0,Face Wash
846,2023-12-22,18:46:00,13,Male,42.0,Beauty,1.0,50.0,59.5,50.0,Moisturizer
1218,2023-10-25,22:11:00,30,Male,64.0,Beauty,3.0,30.0,34.2,90.0,Lipstick
1846,2023-11-16,17:51:00,83,Male,42.0,Beauty,1.0,50.0,49.5,50.0,Foundation
616,2022-12-31,19:18:00,122,Male,41.0,Clothing,2.0,50.0,49.5,100.0,Jeans
1616,2022-09-22,18:41:00,121,Male,41.0,Clothing,2.0,50.0,59.0,100.0,Hoodie
523,2023-11-13,19:18:00,110,Female,62.0,Electronics,1.0,300.0,375.0,300.0,Wireless Mouse
643,2022-10-05,22:26:00,63,Female,28.0,Electronics,3.0,30.0,28.8,90.0,Headphones
1523,2023-12-31,20:40:00,150,Female,62.0,Electronics,1.0,300.0,330.0,300.0,Tablet
1643,2023-10-17,21:47:00,12,Female,28.0,Electronics,3.0,30.0,33.3,90.0,Monitor
351,2023-11-11,22:16:00,38,Female,56.0,Clothing,3.0,30.0,36.6,90.0,Sweater
809,2022-12-14,22:51:00,124,Female,62.0,Beauty,2.0,50.0,50.0,100.0,Foundation
954,2023-09-05,21:03:00,87,Female,50.0,Electronics,3.0,300.0,321.0,900.0,Tablet
1351,2022-10-02,20:58:00,88,Female,56.0,Clothing,3.0,30.0,28.5,90.0,T-Shirt
1809,2023-10-16,18:09:00,51,Female,62.0,Beauty,2.0,50.0,61.5,100.0,Lipstick
1954,2023-10-29,17:30:00,93,Female,50.0,Electronics,3.0,300.0,318.0,900.0,Wireless Mouse
897,2023-09-12,17:53:00,15,Female,64.0,Electronics,2.0,50.0,51.5,100.0,Monitor
1897,2023-10-27,17:12:00,137,Female,64.0,Electronics,2.0,50.0,62.0,100.0,Smartphone
147,2022-11-12,20:30:00,101,Male,23.0,Electronics,1.0,300.0,297.0,300.0,Smartphone
204,2022-09-10,21:04:00,101,Male,39.0,Beauty,1.0,25.0,31.25,25.0,Lipstick
390,2022-10-07,20:53:00,88,Male,39.0,Electronics,2.0,50.0,51.0,100.0,Tablet
1147,2023-11-25,22:14:00,35,Male,23.0,Electronics,1.0,300.0,330.0,300.0,Smartwatch
1204,2023-12-10,19:24:00,72,Male,39.0,Beauty,1.0,25.0,27.5,25.0,Perfume
1390,2022-10-24,22:47:00,117,Male,39.0,Electronics,2.0,50.0,54.0,100.0,Tablet
179,2023-10-07,20:42:00,121,Male,31.0,Electronics,1.0,300.0,375.0,300.0,Tablet
327,2023-09-13,18:30:00,107,Male,57.0,Electronics,3.0,50.0,56.0,150.0,Bluetooth Speaker
626,2022-10-30,21:01:00,65,Female,26.0,Clothing,4.0,500.0,555.0,2000.0,Jeans
873,2023-12-06,20:20:00,137,Female,27.0,Electronics,4.0,25.0,29.0,100.0,Smartphone
1179,2023-12-12,17:28:00,122,Male,31.0,Electronics,1.0,300.0,354.0,300.0,Keyboard
1327,2023-12-23,21:16:00,118,Male,57.0,Electronics,3.0,50.0,58.0,150.0,Wireless Mouse
1626,2022-10-10,19:13:00,19,Female,26.0,Clothing,4.0,500.0,495.0,2000.0,Jacket
1873,2022-11-24,19:18:00,64,Female,27.0,Electronics,4.0,25.0,26.75,100.0,Laptop
196,2023-12-29,19:14:00,43,Female,32.0,Clothing,3.0,300.0,312.0,900.0,Skirt
789,2023-12-06,22:13:00,34,Female,61.0,Clothing,4.0,500.0,510.0,2000.0,Casual Shirt
1196,2022-12-31,21:18:00,93,Female,32.0,Clothing,3.0,300.0,306.0,900.0,Sneakers
1789,2023-11-10,17:02:00,144,Female,61.0,Clothing,4.0,500.0,615.0,2000.0,Casual Shirt
89,2023-12-30,21:15:00,117,Female,55.0,Electronics,4.0,500.0,590.0,2000.0,Power Bank
707,2023-10-23,20:34:00,117,Female,26.0,Clothing,1.0,500.0,580.0,500.0,Hoodie
909,2023-10-29,19:43:00,71,Male,26.0,Electronics,1.0,300.0,288.0,300.0,Headphones
1089,2023-10-21,18:44:00,108,Female,55.0,Electronics,4.0,500.0,555.0,2000.0,Wireless Mouse
1707,2023-09-17,18:35:00,144,Female,26.0,Clothing,1.0,500.0,535.0,500.0,T-Shirt
1909,2022-10-22,19:41:00,17,Male,26.0,Electronics,1.0,300.0,339.0,300.0,Wireless Mouse
51,2022-10-12,22:09:00,78,Male,27.0,Beauty,3.0,25.0,24.75,75.0,Face Cream
154,2022-12-24,17:47:00,24,Male,51.0,Electronics,3.0,300.0,321.0,900.0,Keyboard
276,2023-10-18,21:27:00,40,Female,21.0,Beauty,4.0,25.0,27.5,100.0,Shampoo
497,2023-12-31,18:11:00,127,Male,41.0,Clothing,4.0,30.0,37.2,120.0,Hoodie
889,2023-09-20,22:32:00,39,Female,35.0,Electronics,1.0,50.0,57.5,50.0,Monitor
1051,2023-09-13,17:47:00,104,Male,27.0,Beauty,3.0,25.0,25.0,75.0,Face Wash
1154,2023-12-16,21:44:00,29,Male,51.0,Electronics,3.0,300.0,291.0,900.0,Monitor
1276,2022-10-11,18:54:00,140,Female,21.0,Beauty,4.0,25.0,27.0,100.0,Face Wash
1497,2022-11-19,21:44:00,109,Male,41.0,Clothing,4.0,30.0,32.4,120.0,Skirt
1889,2022-09-02,22:48:00,80,Female,35.0,Electronics,1.0,50.0,56.0,50.0,Tablet
122,2023-12-01,19:02:00,1,Male,64.0,Electronics,4.0,30.0,35.4,120.0,Headphones
373,2022-09-23,22:19:00,78,Female,25.0,Beauty,2.0,300.0,333.0,600.0,Face Wash
524,2023-09-17,19:52:00,12,Male,46.0,Beauty,4.0,300.0,297.0,1200.0,Face Cream
688,2023-10-28,21:45:00,132,Male,56.0,Clothing,4.0,25.0,24.75,100.0,Hoodie
813,2022-10-15,19:51:00,125,Male,52.0,Electronics,3.0,50.0,62.0,150.0,Laptop
1122,2022-09-07,19:53:00,138,Male,64.0,Electronics,4.0,30.0,31.8,120.0,Monitor
1373,2023-10-02,20:26:00,64,Female,25.0,Beauty,2.0,300.0,294.0,600.0,Hair Serum
1524,2022-10-26,22:10:00,115,Male,46.0,Beauty,4.0,300.0,321.0,1200.0,Body Lotion
1688,2022-12-17,17:25:00,150,Male,56.0,Clothing,4.0,25.0,26.5,100.0,Jeans
1813,2022-11-22,22:24:00,86,Male,52.0,Electronics,3.0,50.0,61.5,150.0,Wireless Mouse
178,2023-10-11,17:51:00,142,Male,40.0,Clothing,2.0,30.0,34.2,60.0,Jeans
208,2023-10-21,20:56:00,144,Female,34.0,Electronics,4.0,50.0,57.0,200.0,Smartwatch
247,2022-12-23,17:56:00,82,Male,41.0,Electronics,2.0,30.0,31.5,60.0,Wireless Mouse
290,2023-12-08,21:39:00,86,Female,30.0,Beauty,2.0,300.0,342.0,600.0,Sunscreen
656,2023-11-12,20:58:00,27,Male,29.0,Beauty,3.0,30.0,29.4,90.0,Face Wash
735,2022-11-26,21:38:00,153,Female,64.0,Clothing,4.0,500.0,515.0,2000.0,Casual Shirt
1178,2023-12-29,21:15:00,137,Male,40.0,Clothing,2.0,30.0,33.0,60.0,Jeans
1208,2022-10-15,17:44:00,9,Female,34.0,Electronics,4.0,50.0,47.5,200.0,Wireless Mouse
1247,2023-09-02,18:17:00,78,Male,41.0,Electronics,2.0,30.0,35.7,60.0,Tablet
1290,2022-12-30,22:40:00,66,Female,30.0,Beauty,2.0,300.0,318.0,600.0,Body Lotion
1656,2023-09-16,20:03:00,141,Male,29.0,Beauty,3.0,30.0,35.4,90.0,Lipstick
1735,2023-09-05,17:26:00,86,Female,64.0,Clothing,4.0,500.0,505.0,2000.0,Hoodie
319,2022-11-07,18:50:00,145,Male,31.0,Clothing,1.0,500.0,500.0,500.0,Jacket
670,2023-09-29,17:24:00,59,Male,27.0,Beauty,1.0,30.0,35.7,30.0,Shampoo
1319,2023-11-25,17:17:00,76,Male,31.0,Clothing,1.0,500.0,585.0,500.0,Casual Shirt
1670,2023-10-24,21:32:00,58,Male,27.0,Beauty,1.0,30.0,34.2,30.0,Shampoo
385,2022-11-20,19:06:00,127,Male,50.0,Electronics,3.0,500.0,525.0,1500.0,Power Bank
1385,2023-11-07,19:22:00,55,Male,50.0,Electronics,3.0,500.0,505.0,1500.0,Power Bank
10,2022-10-24,22:55:00,81,Female,52.0,Clothing,4.0,50.0,62.5,200.0,Sneakers
26,2023-10-14,17:54:00,51,Female,28.0,Electronics,2.0,500.0,600.0,1000.0,Bluetooth Speaker
437,2023-11-26,18:53:00,56,Female,35.0,Electronics,4.0,300.0,345.0,1200.0,Bluetooth Speaker
689,2022-10-16,20:17:00,55,Male,57.0,Electronics,2.0,50.0,52.5,100.0,Laptop
1010,2022-10-21,22:11:00,65,Female,52.0,Clothing,4.0,50.0,54.5,200.0,Sneakers
1026,2022-11-24,19:10:00,60,Female,28.0,Electronics,2.0,500.0,520.0,1000.0,Headphones
1437,2023-09-04,19:19:00,76,Female,35.0,Electronics,4.0,300.0,372.0,1200.0,Laptop
1689,2023-12-19,20:54:00,114,Male,57.0,Electronics,2.0,50.0,47.5,100.0,Tablet
558,2023-10-26,17:47:00,108,Female,41.0,Clothing,1.0,25.0,26.0,25.0,Sneakers
634,2022-10-10,19:25:00,68,Male,60.0,Electronics,4.0,500.0,535.0,2000.0,Laptop
1558,2022-12-22,20:37:00,91,Female,41.0,Clothing,1.0,25.0,27.75,25.0,Trousers
1634,2023-11-03,17:18:00,90,Male,60.0,Electronics,4.0,500.0,520.0,2000.0,Laptop
201,2022-10-13,19:08:00,105,Male,56.0,Electronics,1.0,25.0,29.75,25.0,Headphones
286,2022-10-05,22:56:00,92,Male,55.0,Electronics,2.0,25.0,27.75,50.0,Laptop
876,2023-10-03,19:39:00,104,Male,43.0,Clothing,4.0,30.0,30.0,120.0,Sweater
1201,2023-10-31,17:28:00,115,Male,56.0,Electronics,1.0,25.0,27.75,25.0,Keyboard
1286,2022-12-26,17:23:00,111,Male,55.0,Electronics,2.0,25.0,28.5,50.0,Monitor
1876,2023-11-05,19:53:00,68,Male,43.0,Clothing,4.0,30.0,32.1,120.0,Trousers
55,2023-09-28,20:32:00,57,Male,31.0,Beauty,4.0,30.0,31.8,120.0,Hair Serum
428,2022-12-02,22:44:00,50,Female,40.0,Electronics,4.0,50.0,49.5,200.0,Monitor
441,2023-11-06,22:00:00,85,Male,57.0,Beauty,4.0,300.0,351.0,1200.0,Sunscreen
976,2023-10-08,19:50:00,56,Female,48.0,Beauty,2.0,300.0,345.0,600.0,Body Lotion
1055,2022-10-23,21:35:00,97,Male,31.0,Beauty,4.0,30.0,37.5,120.0,Body Lotion
1428,2023-09-09,18:44:00,96,Female,40.0,Electronics,4.0,50.0,57.0,200.0,Laptop
1441,2023-10-04,21:38:00,63,Male,57.0,Beauty,4.0,300.0,354.0,1200.0,Hair Serum
1976,2023-10-15,21:10:00,108,Female,48.0,Beauty,2.0,300.0,360.0,600.0,Shampoo
149,2023-10-14,17:52:00,73,Male,22.0,Clothing,3.0,25.0,27.0,75.0,Sweater
227,2023-11-15,19:19:00,87,Male,36.0,Electronics,2.0,50.0,50.5,100.0,Keyboard
393,2022-10-19,18:52:00,85,Female,22.0,Beauty,2.0,500.0,595.0,1000.0,Moisturizer
401,2023-12-03,19:03:00,51,Female,62.0,Clothing,1.0,300.0,372.0,300.0,Dress
546,2022-12-30,22:32:00,57,Female,36.0,Electronics,4.0,50.0,53.5,200.0,Monitor
872,2023-12-10,22:18:00,113,Female,63.0,Beauty,3.0,25.0,24.75,75.0,Face Cream
914,2022-09-07,22:25:00,83,Female,59.0,Electronics,1.0,500.0,510.0,500.0,Bluetooth Speaker
1149,2023-09-14,19:23:00,98,Male,22.0,Clothing,3.0,25.0,29.75,75.0,Casual Shirt
1227,2023-10-01,20:09:00,103,Male,36.0,Electronics,2.0,50.0,47.5,100.0,Headphones
1393,2022-10-08,17:24:00,56,Female,22.0,Beauty,2.0,500.0,580.0,1000.0,Moisturizer
1401,2022-10-01,21:20:00,85,Female,62.0,Clothing,1.0,300.0,294.0,300.0,Sweater
1546,2022-12-18,19:06:00,93,Female,36.0,Electronics,4.0,50.0,48.0,200.0,Keyboard
1872,2022-11-22,17:02:00,57,Female,63.0,Beauty,3.0,25.0,26.25,75.0,Face Cream
1914,2023-11-05,17:49:00,70,Female,59.0,Electronics,1.0,500.0,510.0,500.0,Smartphone
310,2022-11-10,21:34:00,76,Female,28.0,Beauty,1.0,25.0,31.0,25.0,Body Lotion
844,2023-10-09,17:54:00,95,Male,35.0,Clothing,3.0,50.0,62.0,150.0,Dress
852,2022-10-01,19:35:00,82,Female,41.0,Clothing,1.0,300.0,375.0,300.0,Jeans
1310,2022-10-29,21:31:00,74,Female,28.0,Beauty,1.0,25.0,24.75,25.0,Shampoo
1844,2022-10-25,20:30:00,70,Male,35.0,Clothing,3.0,50.0,50.5,150.0,Trousers
1852,2023-10-11,18:09:00,109,Female,41.0,Clothing,1.0,300.0,333.0,300.0,Trousers
97,2022-11-26,18:17:00,112,Female,51.0,Beauty,2.0,500.0,555.0,1000.0,Foundation
619,2023-10-09,18:10:00,56,Male,47.0,Electronics,4.0,25.0,26.25,100.0,Wireless Mouse
948,2023-12-10,22:06:00,52,Female,23.0,Electronics,3.0,25.0,28.75,75.0,Keyboard
1097,2022-12-26,20:53:00,86,Female,51.0,Beauty,2.0,500.0,485.0,1000.0,Sunscreen
1619,2022-10-20,18:07:00,61,Male,47.0,Electronics,4.0,25.0,24.25,100.0,Power Bank
1948,2023-09-17,21:09:00,100,Female,23.0,Electronics,3.0,25.0,24.5,75.0,Smartphone
456,2023-12-15,19:45:00,51,Male,57.0,Electronics,2.0,30.0,33.9,60.0,Keyboard
627,2022-10-24,18:14:00,79,Male,57.0,Clothing,1.0,50.0,55.5,50.0,Trousers
1456,2022-09-02,18:49:00,85,Male,57.0,Electronics,2.0,30.0,37.2,60.0,Smartwatch
1627,2022-11-18,17:21:00,84,Male,57.0,Clothing,1.0,50.0,60.0,50.0,Hoodie
22,2023-11-25,17:11:00,66,Male,18.0,Clothing,2.0,50.0,60.5,100.0,Trousers
121,2023-10-07,18:57:00,110,Female,28.0,Electronics,4.0,50.0,54.5,200.0,Keyboard
431,2022-10-29,22:02:00,99,Male,63.0,Electronics,4.0,300.0,345.0,1200.0,Power Bank
1022,2023-09-05,17:49:00,69,Male,18.0,Clothing,2.0,50.0,52.5,100.0,Jacket
1121,2022-11-23,21:10:00,95,Female,28.0,Electronics,4.0,50.0,50.5,200.0,Smartphone
1431,2023-09-28,21:28:00,114,Male,63.0,Electronics,4.0,300.0,312.0,1200.0,Keyboard
370,2023-10-24,21:04:00,61,Male,23.0,Electronics,2.0,30.0,34.8,60.0,Headphones
711,2023-09-23,22:26:00,103,Male,26.0,Electronics,3.0,500.0,575.0,1500.0,Bluetooth Speaker
754,2023-09-26,18:40:00,90,Female,43.0,Electronics,4.0,25.0,23.75,100.0,Headphones
943,2022-11-05,19:29:00,90,Female,57.0,Clothing,4.0,300.0,318.0,1200.0,Casual Shirt
1370,2022-11-04,22:51:00,90,Male,23.0,Electronics,2.0,30.0,36.0,60.0,Laptop
1711,2023-09-22,20:33:00,113,Male,26.0,Electronics,3.0,500.0,570.0,1500.0,Smartphone
1754,2022-12-01,21:03:00,107,Female,43.0,Electronics,4.0,25.0,28.5,100.0,Smartwatch
1943,2023-11-17,21:00:00,108,Female,57.0,Clothing,4.0,300.0,321.0,1200.0,Sweater
350,2022-11-20,17:41:00,61,Male,25.0,Beauty,3.0,25.0,28.5,75.0,Hair Serum
786,2022-12-16,20:38:00,78,Male,48.0,Clothing,4.0,25.0,28.5,100.0,Casual Shirt
1350,2023-11-08,22:02:00,93,Male,25.0,Beauty,3.0,25.0,29.25,75.0,Foundation
1786,2022-09-27,21:26:00,69,Male,48.0,Clothing,4.0,25.0,28.75,100.0,Trousers
109,2023-09-06,19:57:00,94,Female,34.0,Electronics,4.0,500.0,560.0,2000.0,Laptop
191,2023-12-22,21:24:00,71,Male,64.0,Beauty,1.0,25.0,28.25,25.0,Body Lotion
1109,2023-12-13,22:13:00,114,Female,34.0,Electronics,4.0,500.0,590.0,2000.0,Bluetooth Speaker
1191,2023-09-25,17:20:00,88,Male,64.0,Beauty,1.0,25.0,25.0,25.0,Moisturizer
340,2023-09-19,22:59:00,54,Female,36.0,Clothing,4.0,300.0,294.0,1200.0,Skirt
555,2022-12-14,19:35:00,103,Male,25.0,Beauty,1.0,300.0,360.0,300.0,Face Wash
826,2022-12-24,19:08:00,81,Female,46.0,Clothing,1.0,300.0,303.0,300.0,Hoodie
962,2023-12-15,22:02:00,76,Male,44.0,Clothing,2.0,30.0,35.1,60.0,Trousers
1340,2023-10-30,20:55:00,92,Female,36.0,Clothing,4.0,300.0,348.0,1200.0,T-Shirt
1555,2022-12-19,18:54:00,55,Male,25.0,Beauty,1.0,300.0,312.0,300.0,Body Lotion
1826,2022-12-30,22:05:00,104,Female,46.0,Clothing,1.0,300.0,297.0,300.0,Jeans
1962,2022-09-07,18:59:00,65,Male,44.0,Clothing,2.0,30.0,32.7,60.0,Hoodie
249,2022-09-28,20:17:00,109,Male,20.0,Clothing,1.0,50.0,53.5,50.0,Jeans
1249,2022-12-10,21:44:00,95,Male,20.0,Clothing,1.0,50.0,60.0,50.0,Casual Shirt
922,2023-10-19,22:54:00,103,Male,41.0,Electronics,1.0,50.0,60.5,50.0,Wireless Mouse
1922,2023-10-28,20:07:00,72,Male,41.0,Electronics,1.0,50.0,48.5,50.0,Tablet
600,2023-10-09,18:39:00,64,Female,59.0,Beauty,2.0,500.0,525.0,1000.0,Moisturizer
680,2022-12-01,22:04:00,110,Female,53.0,Clothing,3.0,300.0,330.0,900.0,Trousers
770,2022-12-11,22:49:00,71,Male,32.0,Clothing,1.0,50.0,55.0,50.0,Jacket
1600,2022-12-18,17:44:00,67,Female,59.0,Beauty,2.0,500.0,575.0,1000.0,Body Lotion
1680,2023-09-03,17:12:00,72,Female,53.0,Clothing,3.0,300.0,324.0,900.0,Jeans
1770,2023-11-30,20:08:00,65,Male,32.0,Clothing,1.0,50.0,56.0,50.0,Trousers
60,2022-12-04,18:15:00,91,Male,30.0,Beauty,3.0,50.0,60.5,150.0,Perfume
250,2022-12-24,23:00:00,91,Male,48.0,Electronics,1.0,50.0,60.5,50.0,Bluetooth Speaker
516,2023-09-20,18:38:00,85,Male,30.0,Beauty,4.0,25.0,24.25,100.0,Moisturizer
937,2022-10-18,19:57:00,50,Female,62.0,Beauty,1.0,500.0,510.0,500.0,Face Wash
1060,2022-11-12,18:29:00,71,Male,30.0,Beauty,3.0,50.0,57.0,150.0,Perfume
1250,2022-11-19,20:39:00,96,Male,48.0,Electronics,1.0,50.0,48.5,50.0,Monitor
1516,2022-11-09,17:19:00,54,Male,30.0,Beauty,4.0,25.0,24.5,100.0,Shampoo
1937,2022-09-07,17:57:00,52,Female,62.0,Beauty,1.0,500.0,620.0,500.0,Moisturizer
318,2023-10-22,21:26:00,57,Male,61.0,Clothing,1.0,25.0,29.25,25.0,Casual Shirt
342,2023-11-05,17:24:00,85,Female,43.0,Clothing,4.0,500.0,500.0,2000.0,Skirt
564,2023-09-12,20:14:00,114,Male,50.0,Electronics,2.0,50.0,55.5,100.0,Bluetooth Speaker
767,2022-11-07,22:44:00,72,Male,39.0,Beauty,3.0,25.0,24.5,75.0,Perfume
1318,2022-12-25,22:57:00,55,Male,61.0,Clothing,1.0,25.0,27.0,25.0,Casual Shirt
1342,2022-09-18,23:00:00,114,Female,43.0,Clothing,4.0,500.0,485.0,2000.0,Jeans
1564,2022-10-04,22:55:00,115,Male,50.0,Electronics,2.0,50.0,49.5,100.0,Wireless Mouse
1767,2022-12-10,17:35:00,87,Male,39.0,Beauty,3.0,25.0,28.25,75.0,Foundation
503,2023-10-08,20:06:00,63,Male,45.0,Beauty,4.0,500.0,570.0,2000.0,Body Lotion
869,2022-09-08,22:16:00,51,Male,37.0,Beauty,3.0,500.0,485.0,1500.0,Face Cream
1503,2022-10-17,18:28:00,67,Male,45.0,Beauty,4.0,500.0,605.0,2000.0,Body Lotion
1869,2022-10-23,19:51:00,113,Male,37.0,Beauty,3.0,500.0,605.0,1500.0,Moisturizer
126,2022-11-01,18:16:00,63,Female,28.0,Clothing,3.0,30.0,28.8,90.0,Jacket
349,2023-12-04,17:05:00,78,Female,57.0,Beauty,1.0,50.0,48.5,50.0,Lipstick
440,2023-11-22,20:15:00,110,Male,64.0,Clothing,2.0,300.0,348.0,600.0,Hoodie
1126,2022-09-12,17:12:00,62,Female,28.0,Clothing,3.0,30.0,28.8,90.0,Sweater
1349,2023-12-08,21:57:00,112,Female,57.0,Beauty,1.0,50.0,49.5,50.0,Lipstick
1440,2023-09-01,19:20:00,86,Male,64.0,Clothing,2.0,300.0,354.0,600.0,Sneakers
124,2022-12-24,21:17:00,83,Male,33.0,Clothing,4.0,500.0,515.0,2000.0,Jacket
324,2022-11-15,17:52:00,54,Female,52.0,Electronics,3.0,50.0,49.0,150.0,Laptop
677,2022-12-17,21:13:00,65,Female,19.0,Beauty,3.0,500.0,555.0,1500.0,Shampoo
1124,2023-10-06,20:04:00,83,Male,33.0,Clothing,4.0,500.0,515.0,2000.0,Dress
1324,2023-09-25,20:29:00,56,Female,52.0,Electronics,3.0,50.0,55.0,150.0,Headphones
1677,2022-10-02,20:51:00,84,Female,19.0,Beauty,3.0,500.0,490.0,1500.0,Foundation
30,2023-10-10,20:05:00,59,Female,39.0,Beauty,3.0,300.0,285.0,900.0,Foundation
226,2022-09-23,17:02:00,69,Female,61.0,Clothing,1.0,50.0,57.5,50.0,Casual Shirt
229,2023-11-09,19:23:00,92,Male,58.0,Beauty,3.0,30.0,36.9,90.0,Face Cream
896,2023-12-30,19:17:00,56,Female,30.0,Electronics,2.0,25.0,30.75,50.0,Bluetooth Speaker
959,2022-09-18,17:59:00,54,Female,42.0,Electronics,2.0,30.0,28.5,60.0,Monitor
998,2023-10-21,17:32:00,61,Female,23.0,Beauty,4.0,25.0,30.5,100.0,Perfume
1030,2022-11-27,18:02:00,96,Female,39.0,Beauty,3.0,300.0,309.0,900.0,Sunscreen
1226,2023-11-30,17:52:00,102,Female,61.0,Clothing,1.0,50.0,51.0,50.0,Skirt
1229,2023-11-02,21:08:00,62,Male,58.0,Beauty,3.0,30.0,34.5,90.0,Perfume
1896,2022-11-05,20:19:00,87,Female,30.0,Electronics,2.0,25.0,30.75,50.0,Laptop
1959,2022-10-08,19:56:00,95,Female,42.0,Electronics,2.0,30.0,34.2,60.0,Laptop
1998,2023-10-20,19:53:00,90,Female,23.0,Beauty,4.0,25.0,24.0,100.0,Sunscreen
12,2022-12-09,22:09:00,114,Male,35.0,Beauty,3.0,25.0,25.25,75.0,Perfume
1012,2022-12-08,18:47:00,56,Male,35.0,Beauty,3.0,25.0,27.25,75.0,Hair Serum
710,2022-09-03,21:11:00,71,Female,26.0,Electronics,3.0,500.0,495.0,1500.0,Smartphone
776,2023-09-08,18:57:00,109,Male,35.0,Clothing,3.0,30.0,30.9,90.0,Skirt
817,2022-10-05,21:12:00,87,Male,30.0,Beauty,4.0,50.0,49.0,200.0,Body Lotion
1710,2022-10-23,20:14:00,104,Female,26.0,Electronics,3.0,500.0,610.0,1500.0,Smartwatch
1776,2022-10-23,20:07:00,111,Male,35.0,Clothing,3.0,30.0,32.1,90.0,Sweater
1817,2022-09-11,21:22:00,82,Male,30.0,Beauty,4.0,50.0,50.0,200.0,Sunscreen
334,2022-10-16,20:37:00,103,Male,31.0,Electronics,3.0,300.0,360.0,900.0,Tablet
343,2022-11-09,18:44:00,68,Male,21.0,Electronics,2.0,25.0,30.0,50.0,Keyboard
628,2023-12-23,18:00:00,66,Female,19.0,Beauty,4.0,50.0,59.5,200.0,Lipstick
983,2022-10-10,20:12:00,61,Female,29.0,Clothing,1.0,300.0,345.0,300.0,Casual Shirt
1334,2022-09-21,20:37:00,60,Male,31.0,Electronics,3.0,300.0,366.0,900.0,Smartwatch
1343,2023-10-21,20:10:00,87,Male,21.0,Electronics,2.0,25.0,28.5,50.0,Tablet
1628,2022-12-28,22:23:00,51,Female,19.0,Beauty,4.0,50.0,58.5,200.0,Hair Serum
1983,2022-12-21,21:38:00,114,Female,29.0,Clothing,1.0,300.0,303.0,300.0,Sneakers
141,2022-11-01,19:26:00,54,Female,22.0,Electronics,1.0,50.0,59.0,50.0,Bluetooth Speaker
145,2022-11-06,19:21:00,64,Female,39.0,Clothing,3.0,25.0,27.5,75.0,Trousers
507,2022-12-11,21:40:00,52,Female,37.0,Electronics,3.0,500.0,485.0,1500.0,Keyboard
841,2022-12-18,20:58:00,108,Male,31.0,Electronics,4.0,25.0,28.5,100.0,Keyboard
898,2023-09-17,20:55:00,53,Female,42.0,Clothing,3.0,30.0,35.1,90.0,Dress
951,2022-09-18,21:35:00,58,Male,33.0,Beauty,2.0,50.0,57.5,100.0,Face Wash
1141,2023-09-17,19:13:00,65,Female,22.0,Electronics,1.0,50.0,58.0,50.0,Power Bank
1145,2023-09-01,19:19:00,87,Female,39.0,Clothing,3.0,25.0,31.0,75.0,Casual Shirt
1507,2022-12-27,22:14:00,95,Female,37.0,Electronics,3.0,500.0,520.0,1500.0,Wireless Mouse
1841,2023-11-14,18:55:00,94,Male,31.0,Electronics,4.0,25.0,28.25,100.0,Laptop
1898,2023-11-13,18:17:00,81,Female,42.0,Clothing,3.0,30.0,35.1,90.0,Sneakers
1951,2022-12-03,18:56:00,54,Male,33.0,Beauty,2.0,50.0,59.5,100.0,Sunscreen
181,2023-11-06,19:59:00,79,Male,19.0,Electronics,4.0,300.0,327.0,1200.0,Laptop
1181,2022-11-06,18:28:00,84,Male,19.0,Electronics,4.0,300.0,354.0,1200.0,Tablet
784,2023-10-18,22:44:00,71,Female,34.0,Electronics,1.0,500.0,610.0,500.0,Smartphone
1784,2023-12-28,20:58:00,100,Female,34.0,Electronics,1.0,500.0,500.0,500.0,Keyboard
20,2023-12-12,21:35:00,85,Male,22.0,Clothing,3.0,300.0,345.0,900.0,Hoodie
690,2023-12-19,18:39:00,91,Female,52.0,Clothing,3.0,300.0,324.0,900.0,Casual Shirt
1020,2022-11-22,18:30:00,86,Male,22.0,Clothing,3.0,300.0,300.0,900.0,Jeans
1690,2023-09-05,17:36:00,101,Female,52.0,Clothing,3.0,300.0,369.0,900.0,Casual Shirt
47,2022-10-22,17:22:00,96,Female,40.0,Beauty,3.0,500.0,600.0,1500.0,Shampoo
405,2022-10-17,17:55:00,79,Female,25.0,Clothing,4.0,300.0,324.0,1200.0,Dress
1047,2022-12-04,21:53:00,84,Female,40.0,Beauty,3.0,500.0,490.0,1500.0,Shampoo
1405,2023-10-28,20:08:00,91,Female,25.0,Clothing,4.0,300.0,342.0,1200.0,Jacket
205,2022-11-22,17:20:00,88,Female,43.0,Clothing,1.0,25.0,25.5,25.0,Dress
512,2022-12-06,18:00:00,56,Female,57.0,Beauty,1.0,25.0,9.5,25.0,Hair Serum
565,2023-09-05,20:24:00,75,Female,45.0,Beauty,2.0,30.0,9.0,60.0,Foundation
761,2022-11-14,22:16:00,64,Female,33.0,Clothing,1.0,500.0,275.0,500.0,Jacket
762,2023-11-27,17:49:00,56,Female,24.0,Electronics,2.0,25.0,10.25,50.0,Wireless Mouse
950,2022-09-22,21:27:00,75,Male,36.0,Clothing,3.0,300.0,144.0,900.0,Jeans
1205,2022-11-25,19:19:00,97,Female,43.0,Clothing,1.0,25.0,7.25,25.0,Sneakers
1512,2023-12-20,20:05:00,105,Female,57.0,Beauty,1.0,25.0,13.25,25.0,Hair Serum
1565,2023-09-04,20:45:00,74,Female,45.0,Beauty,2.0,30.0,11.1,60.0,Body Lotion
1761,2023-12-09,18:46:00,72,Female,33.0,Clothing,1.0,500.0,200.0,500.0,T-Shirt
1762,2023-11-15,18:43:00,81,Female,24.0,Electronics,2.0,25.0,11.0,50.0,Wireless Mouse
1950,2022-12-04,19:23:00,50,Male,36.0,Clothing,3.0,300.0,84.0,900.0,T-Shirt
86,2023-09-29,18:55:00,69,Male,19.0,Beauty,3.0,30.0,15.6,90.0,Face Wash
173,2023-12-19,17:30:00,85,Male,64.0,Electronics,4.0,30.0,14.1,120.0,Power Bank
1086,2023-09-14,19:50:00,84,Male,19.0,Beauty,3.0,30.0,16.5,90.0,Body Lotion
1173,2022-12-04,21:03:00,70,Male,64.0,Electronics,4.0,30.0,15.0,120.0,Smartwatch
595,2022-10-15,21:35:00,65,Female,18.0,Clothing,4.0,500.0,210.0,2000.0,Skirt
827,2023-10-28,19:24:00,96,Male,61.0,Beauty,3.0,300.0,165.0,900.0,Shampoo
965,2022-11-27,21:45:00,84,Male,22.0,Clothing,4.0,50.0,13.0,200.0,Hoodie
1595,2023-10-04,17:44:00,115,Female,18.0,Clothing,4.0,500.0,255.0,2000.0,Sneakers
1827,2022-11-09,20:02:00,62,Male,61.0,Beauty,3.0,300.0,132.0,900.0,Face Cream
1965,2022-12-12,20:03:00,93,Male,22.0,Clothing,4.0,50.0,21.5,200.0,Hoodie
388,2022-12-03,19:04:00,60,Male,50.0,Electronics,1.0,25.0,12.25,25.0,Headphones
631,2023-10-22,22:18:00,92,Male,56.0,Electronics,3.0,30.0,16.5,90.0,Bluetooth Speaker
1388,2023-10-13,18:12:00,89,Male,50.0,Electronics,1.0,25.0,6.75,25.0,Laptop
1631,2022-11-01,19:11:00,75,Male,56.0,Electronics,3.0,30.0,12.3,90.0,Laptop
554,2022-12-06,21:04:00,94,Female,46.0,Beauty,3.0,50.0,13.0,150.0,Face Cream
812,2023-10-02,17:45:00,89,Male,19.0,Electronics,3.0,25.0,11.25,75.0,Tablet
1554,2023-11-27,19:55:00,83,Female,46.0,Beauty,3.0,50.0,15.5,150.0,Hair Serum
1812,2023-10-25,22:19:00,85,Male,19.0,Electronics,3.0,25.0,12.0,75.0,Laptop
58,2023-09-16,19:18:00,53,Male,18.0,Clothing,4.0,300.0,75.0,1200.0,Sweater
952,2022-12-21,18:09:00,69,Female,57.0,Clothing,1.0,25.0,13.25,25.0,Sweater
1058,2022-10-30,18:31:00,100,Male,18.0,Clothing,4.0,300.0,153.0,1200.0,Trousers
1952,2022-12-17,22:13:00,114,Female,57.0,Clothing,1.0,25.0,13.5,25.0,T-Shirt
345,2022-12-07,18:56:00,104,Male,62.0,Electronics,1.0,30.0,13.5,30.0,Headphones
458,2023-11-28,21:35:00,110,Female,39.0,Electronics,4.0,25.0,7.0,100.0,Smartphone
582,2022-09-30,21:38:00,110,Male,35.0,Clothing,3.0,300.0,75.0,900.0,Dress
963,2023-10-19,18:24:00,76,Female,55.0,Beauty,1.0,50.0,13.0,50.0,Lipstick
1345,2022-09-29,17:50:00,98,Male,62.0,Electronics,1.0,30.0,11.4,30.0,Laptop
1458,2023-10-09,19:21:00,95,Female,39.0,Electronics,4.0,25.0,9.75,100.0,Power Bank
1582,2023-10-17,19:12:00,56,Male,35.0,Clothing,3.0,300.0,114.0,900.0,Trousers
1963,2022-12-12,20:56:00,115,Female,55.0,Beauty,1.0,50.0,20.5,50.0,Foundation
369,2023-12-13,19:42:00,111,Male,23.0,Electronics,3.0,500.0,215.0,1500.0,Wireless Mouse
706,2022-09-04,22:19:00,66,Male,51.0,Electronics,4.0,25.0,8.0,100.0,Headphones
747,2022-10-21,18:12:00,51,Male,23.0,Beauty,1.0,30.0,9.3,30.0,Moisturizer
1369,2022-10-10,21:14:00,64,Male,23.0,Electronics,3.0,500.0,180.0,1500.0,Smartwatch
1706,2022-10-16,18:04:00,57,Male,51.0,Electronics,4.0,25.0,11.75,100.0,Tablet
1747,2023-09-05,18:22:00,87,Male,23.0,Beauty,1.0,30.0,16.2,30.0,Shampoo
533,2022-11-13,17:19:00,92,Male,19.0,Electronics,3.0,500.0,155.0,1500.0,Smartphone
1533,2022-10-29,19:35:00,67,Male,19.0,Electronics,3.0,500.0,255.0,1500.0,Smartwatch
169,2022-11-28,18:47:00,73,Male,18.0,Beauty,3.0,500.0,145.0,1500.0,Face Wash
645,2022-12-14,22:11:00,51,Female,35.0,Electronics,4.0,30.0,11.1,120.0,Monitor
968,2023-12-18,20:34:00,101,Female,48.0,Clothing,3.0,300.0,120.0,900.0,Sweater
997,2023-10-01,20:36:00,51,Male,52.0,Beauty,3.0,30.0,15.0,90.0,Shampoo
1169,2022-09-25,17:12:00,101,Male,18.0,Beauty,3.0,500.0,255.0,1500.0,Shampoo
1645,2023-10-12,17:27:00,109,Female,35.0,Electronics,4.0,30.0,9.0,120.0,Keyboard
1968,2022-09-21,19:09:00,75,Female,48.0,Clothing,3.0,300.0,153.0,900.0,Trousers
1997,2023-10-29,21:09:00,99,Male,52.0,Beauty,3.0,30.0,10.2,90.0,Foundation
57,2022-10-11,20:12:00,64,Female,63.0,Beauty,1.0,30.0,10.2,30.0,Face Cream
137,2022-09-10,20:42:00,66,Male,46.0,Beauty,2.0,500.0,125.0,1000.0,Foundation
778,2023-12-13,18:28:00,105,Female,47.0,Beauty,4.0,25.0,13.75,100.0,Sunscreen
1057,2023-09-19,22:31:00,114,Female,63.0,Beauty,1.0,30.0,15.9,30.0,Lipstick
1137,2022-11-05,22:34:00,104,Male,46.0,Beauty,2.0,500.0,145.0,1000.0,Perfume
1778,2023-12-30,19:57:00,94,Female,47.0,Beauty,4.0,25.0,11.25,100.0,Moisturizer
599,2023-12-10,19:07:00,82,Female,28.0,Beauty,2.0,50.0,24.5,100.0,Face Wash
938,2022-09-16,17:55:00,103,Male,49.0,Clothing,4.0,50.0,23.0,200.0,T-Shirt
1599,2022-10-24,17:23:00,110,Female,28.0,Beauty,2.0,50.0,20.5,100.0,Sunscreen
1938,2022-10-12,20:15:00,76,Male,49.0,Clothing,4.0,50.0,13.5,200.0,Hoodie
234,2023-12-09,17:42:00,64,Female,62.0,Electronics,2.0,25.0,13.75,50.0,Smartwatch
1234,2023-09-07,17:46:00,78,Female,62.0,Electronics,2.0,25.0,8.25,50.0,Monitor
410,2023-10-31,19:41:00,64,Female,29.0,Clothing,2.0,50.0,14.5,100.0,Skirt
417,2023-10-01,22:03:00,109,Male,43.0,Electronics,3.0,300.0,162.0,900.0,Laptop
581,2022-12-15,21:16:00,103,Female,48.0,Beauty,2.0,30.0,13.8,60.0,Shampoo
1410,2022-10-16,18:47:00,72,Female,29.0,Clothing,2.0,50.0,22.5,100.0,Casual Shirt
1417,2022-12-26,17:43:00,54,Male,43.0,Electronics,3.0,300.0,147.0,900.0,Bluetooth Speaker
1581,2022-12-20,18:57:00,108,Female,48.0,Beauty,2.0,30.0,9.9,60.0,Shampoo
74,2023-10-05,19:50:00,56,Female,18.0,Beauty,4.0,500.0,205.0,2000.0,Foundation
87,2022-09-07,18:09:00,104,Female,28.0,Beauty,2.0,50.0,15.5,100.0,Foundation
803,2022-10-25,17:16:00,60,Male,39.0,Clothing,4.0,25.0,6.75,100.0,Casual Shirt
1074,2022-10-04,20:18:00,67,Female,18.0,Beauty,4.0,500.0,230.0,2000.0,Foundation
1087,2022-11-08,23:00:00,81,Female,28.0,Beauty,2.0,50.0,15.0,100.0,Foundation
1803,2023-12-26,19:36:00,101,Male,39.0,Clothing,4.0,25.0,8.5,100.0,T-Shirt
424,2023-12-20,19:21:00,101,Male,57.0,Beauty,4.0,300.0,147.0,1200.0,Face Wash
641,2023-12-25,18:30:00,105,Female,40.0,Electronics,1.0,300.0,144.0,300.0,Keyboard
918,2023-10-13,21:59:00,114,Female,42.0,Electronics,3.0,30.0,16.2,90.0,Smartphone
1424,2023-09-05,21:32:00,54,Male,57.0,Beauty,4.0,300.0,111.0,1200.0,Face Wash
1641,2022-09-01,17:41:00,65,Female,40.0,Electronics,1.0,300.0,165.0,300.0,Bluetooth Speaker
1918,2022-12-10,21:57:00,56,Female,42.0,Electronics,3.0,30.0,13.2,90.0,Tablet
1,2022-12-16,19:10:00,50,Male,34.0,Beauty,3.0,50.0,16.0,150.0,Face Cream
95,2022-11-06,19:57:00,103,Female,32.0,Clothing,2.0,30.0,7.5,60.0,Hoodie
171,2022-10-14,20:10:00,109,Female,52.0,Clothing,3.0,300.0,126.0,900.0,Jeans
1001,2023-09-01,20:11:00,99,Male,34.0,Beauty,3.0,50.0,22.0,150.0,Body Lotion
1095,2022-09-05,17:56:00,56,Female,32.0,Clothing,2.0,30.0,9.9,60.0,Sneakers
1171,2022-10-05,21:05:00,87,Female,52.0,Clothing,3.0,300.0,84.0,900.0,Jeans
156,2022-12-02,19:34:00,60,Female,43.0,Clothing,4.0,25.0,7.0,100.0,Trousers
493,2022-12-01,20:10:00,95,Male,41.0,Beauty,2.0,25.0,7.75,50.0,Body Lotion
1156,2022-12-26,21:10:00,68,Female,43.0,Clothing,4.0,25.0,13.5,100.0,Jacket
1493,2023-11-26,21:49:00,58,Male,41.0,Beauty,2.0,25.0,6.75,50.0,Face Cream
115,2022-09-02,19:21:00,67,Male,51.0,Clothing,3.0,500.0,255.0,1500.0,Hoodie
715,2022-10-11,20:57:00,55,Female,42.0,Beauty,4.0,25.0,6.25,100.0,Foundation
1115,2023-09-21,17:41:00,99,Male,51.0,Clothing,3.0,500.0,180.0,1500.0,Hoodie
1715,2022-12-30,19:35:00,89,Female,42.0,Beauty,4.0,25.0,9.75,100.0,Perfume
267,2022-11-19,17:53:00,84,Female,32.0,Beauty,3.0,30.0,12.0,90.0,Hair Serum
362,2023-09-27,22:43:00,101,Male,50.0,Clothing,1.0,25.0,10.25,25.0,Sweater
856,2022-11-05,17:43:00,102,Male,54.0,Electronics,4.0,30.0,9.3,120.0,Laptop
1267,2022-12-23,21:03:00,91,Female,32.0,Beauty,3.0,30.0,9.6,90.0,Perfume
1362,2023-11-21,18:53:00,104,Male,50.0,Clothing,1.0,25.0,11.0,25.0,Jeans
1856,2023-12-20,21:34:00,114,Male,54.0,Electronics,4.0,30.0,16.2,120.0,Keyboard
84,2023-11-10,17:17:00,89,Female,38.0,Electronics,3.0,30.0,10.2,90.0,Smartphone
795,2023-10-03,19:51:00,71,Male,57.0,Electronics,1.0,300.0,102.0,300.0,Tablet
1084,2022-10-23,20:37:00,93,Female,38.0,Electronics,3.0,30.0,7.8,90.0,Smartwatch
1795,2023-12-29,18:50:00,86,Male,57.0,Electronics,1.0,300.0,105.0,300.0,Smartphone
24,2023-12-14,22:59:00,59,Female,49.0,Clothing,1.0,300.0,87.0,300.0,Sneakers
215,2022-10-03,21:20:00,101,Male,58.0,Clothing,3.0,500.0,145.0,1500.0,T-Shirt
739,2023-10-14,17:09:00,57,Male,36.0,Beauty,1.0,25.0,10.25,25.0,Body Lotion
1024,2023-12-03,21:51:00,72,Female,49.0,Clothing,1.0,300.0,126.0,300.0,Dress
1215,2022-11-19,20:44:00,107,Male,58.0,Clothing,3.0,500.0,130.0,1500.0,Casual Shirt
1739,2023-10-25,17:52:00,67,Male,36.0,Beauty,1.0,25.0,11.25,25.0,Face Wash
289,2023-09-09,20:29:00,107,Male,53.0,Electronics,2.0,30.0,8.1,60.0,Power Bank
741,2022-12-24,22:30:00,53,Male,48.0,Clothing,1.0,300.0,141.0,300.0,Sweater
810,2022-12-01,18:04:00,76,Male,59.0,Electronics,4.0,25.0,13.75,100.0,Tablet
1289,2023-10-10,19:35:00,83,Male,53.0,Electronics,2.0,30.0,16.2,60.0,Smartphone
1741,2023-09-02,20:47:00,70,Male,48.0,Clothing,1.0,300.0,132.0,300.0,Sneakers
1810,2023-09-22,18:29:00,106,Male,59.0,Electronics,4.0,25.0,13.5,100.0,Tablet
266,2022-09-12,18:26:00,66,Female,19.0,Electronics,2.0,30.0,14.4,60.0,Bluetooth Speaker
389,2022-11-11,19:06:00,109,Male,21.0,Clothing,2.0,25.0,12.25,50.0,T-Shirt
1266,2023-09-03,20:08:00,79,Female,19.0,Electronics,2.0,30.0,15.6,60.0,Bluetooth Speaker
1389,2023-09-27,18:11:00,60,Male,21.0,Clothing,2.0,25.0,9.5,50.0,Dress
112,2023-12-25,18:44:00,57,Male,37.0,Clothing,3.0,500.0,165.0,1500.0,Jeans
566,2022-11-26,19:15:00,106,Female,64.0,Clothing,1.0,30.0,8.4,30.0,Hoodie
608,2022-12-07,22:19:00,112,Female,55.0,Electronics,3.0,500.0,200.0,1500.0,Wireless Mouse
1112,2022-12-22,17:11:00,94,Male,37.0,Clothing,3.0,500.0,180.0,1500.0,Skirt
1566,2022-10-03,18:17:00,56,Female,64.0,Clothing,1.0,30.0,15.6,30.0,Sweater
1608,2023-09-26,21:01:00,87,Female,55.0,Electronics,3.0,500.0,265.0,1500.0,Wireless Mouse
348,2022-10-17,20:20:00,83,Female,35.0,Electronics,2.0,300.0,147.0,600.0,Bluetooth Speaker
1348,2023-10-25,17:21:00,79,Female,35.0,Electronics,2.0,300.0,87.0,600.0,Laptop
199,2023-10-26,21:34:00,53,Male,45.0,Beauty,3.0,500.0,135.0,1500.0,Hair Serum
258,2023-12-29,17:40:00,109,Female,37.0,Clothing,1.0,50.0,22.0,50.0,Sweater
485,2022-11-08,17:30:00,101,Male,24.0,Electronics,1.0,30.0,11.4,30.0,Bluetooth Speaker
576,2023-12-25,17:30:00,113,Female,33.0,Beauty,3.0,50.0,20.0,150.0,Foundation
1199,2023-12-16,17:46:00,110,Male,45.0,Beauty,3.0,500.0,190.0,1500.0,Moisturizer
1258,2022-12-03,20:27:00,64,Female,37.0,Clothing,1.0,50.0,21.5,50.0,Jeans
1485,2022-09-24,18:29:00,66,Male,24.0,Electronics,1.0,30.0,15.6,30.0,Wireless Mouse
1576,2022-12-14,18:34:00,108,Female,33.0,Beauty,3.0,50.0,27.5,150.0,Shampoo
65,2022-12-11,20:03:00,84,Male,51.0,Electronics,4.0,500.0,160.0,2000.0,Wireless Mouse
311,2023-11-20,21:01:00,61,Female,32.0,Beauty,4.0,25.0,9.75,100.0,Sunscreen
791,2022-09-04,16:28:00,106,Female,51.0,Beauty,1.0,25.0,11.75,25.0,Perfume
971,2023-12-30,16:50:00,64,Female,27.0,Electronics,4.0,50.0,26.5,200.0,Power Bank
999,2022-12-14,16:45:00,110,Female,36.0,Electronics,3.0,50.0,21.5,150.0,Tablet
1065,2023-10-24,15:16:00,76,Male,51.0,Electronics,4.0,500.0,175.0,2000.0,Bluetooth Speaker
1311,2023-11-24,15:22:00,84,Female,32.0,Beauty,4.0,25.0,9.25,100.0,Shampoo
1791,2022-10-06,14:52:00,87,Female,51.0,Beauty,1.0,25.0,7.0,25.0,Shampoo
1971,2022-09-12,16:19:00,90,Female,27.0,Electronics,4.0,50.0,19.0,200.0,Bluetooth Speaker
1999,2022-11-12,13:06:00,61,Female,36.0,Electronics,3.0,50.0,13.0,150.0,Tablet
395,2022-12-01,15:00:00,76,Male,50.0,Electronics,2.0,500.0,175.0,1000.0,Tablet
535,2023-11-20,13:46:00,59,Male,47.0,Beauty,3.0,30.0,16.2,90.0,Hair Serum
580,2022-11-14,14:44:00,104,Female,31.0,Clothing,3.0,500.0,200.0,1500.0,Trousers
712,2023-09-12,14:15:00,108,Female,57.0,Beauty,2.0,25.0,11.5,50.0,Face Wash
868,2023-12-04,13:39:00,110,Female,25.0,Electronics,1.0,300.0,111.0,300.0,Laptop
1395,2023-09-10,14:18:00,91,Male,50.0,Electronics,2.0,500.0,130.0,1000.0,Keyboard
1535,2023-12-18,15:31:00,52,Male,47.0,Beauty,3.0,30.0,9.9,90.0,Body Lotion
1580,2023-09-21,15:47:00,105,Female,31.0,Clothing,3.0,500.0,250.0,1500.0,Sweater
1712,2023-11-25,16:37:00,92,Female,57.0,Beauty,2.0,25.0,8.75,50.0,Face Cream
1868,2022-12-06,16:23:00,78,Female,25.0,Electronics,1.0,300.0,138.0,300.0,Bluetooth Speaker
531,2022-10-08,12:30:00,105,Male,31.0,Electronics,1.0,500.0,275.0,500.0,Monitor
550,2023-09-27,16:58:00,80,Male,40.0,Clothing,3.0,300.0,90.0,900.0,Skirt
1531,2022-09-22,13:19:00,56,Male,31.0,Electronics,1.0,500.0,250.0,500.0,Tablet
1550,2022-09-30,13:11:00,73,Male,40.0,Clothing,3.0,300.0,147.0,900.0,T-Shirt
392,2022-12-21,13:11:00,77,Male,27.0,Clothing,2.0,300.0,78.0,600.0,Jeans
453,2022-10-14,14:45:00,90,Female,26.0,Clothing,2.0,500.0,265.0,1000.0,Skirt
540,2022-12-22,16:17:00,79,Female,46.0,Electronics,3.0,300.0,87.0,900.0,Bluetooth Speaker
625,2022-12-25,13:36:00,68,Male,31.0,Clothing,1.0,300.0,123.0,300.0,Casual Shirt
1392,2022-09-12,12:28:00,70,Male,27.0,Clothing,2.0,300.0,90.0,600.0,Jacket
1453,2023-10-14,13:24:00,113,Female,26.0,Clothing,2.0,500.0,205.0,1000.0,T-Shirt
1540,2023-10-12,16:51:00,115,Female,46.0,Electronics,3.0,300.0,147.0,900.0,Laptop
1625,2023-09-27,16:36:00,52,Male,31.0,Clothing,1.0,300.0,147.0,300.0,Trousers
244,2023-09-14,13:57:00,101,Male,28.0,Beauty,2.0,50.0,20.5,100.0,Hair Serum
355,2022-09-23,13:42:00,96,Female,55.0,Electronics,1.0,500.0,260.0,500.0,Smartphone
468,2022-12-05,14:32:00,86,Male,40.0,Electronics,1.0,25.0,12.25,25.0,Laptop
700,2022-09-01,15:07:00,61,Male,36.0,Electronics,4.0,500.0,250.0,2000.0,Headphones
752,2023-09-20,16:06:00,79,Male,29.0,Clothing,2.0,50.0,13.0,100.0,Sneakers
828,2022-11-24,15:54:00,76,Female,33.0,Electronics,4.0,300.0,132.0,1200.0,Bluetooth Speaker
1244,2022-12-11,16:47:00,100,Male,28.0,Beauty,2.0,50.0,19.5,100.0,Body Lotion
1355,2023-09-17,13:19:00,107,Female,55.0,Electronics,1.0,500.0,155.0,500.0,Wireless Mouse
1468,2023-11-08,13:14:00,73,Male,40.0,Electronics,1.0,25.0,9.75,25.0,Monitor
1700,2023-09-27,16:10:00,87,Male,36.0,Electronics,4.0,500.0,210.0,2000.0,Smartphone
1752,2023-10-21,13:01:00,79,Male,29.0,Clothing,2.0,50.0,14.5,100.0,Trousers
1828,2022-10-14,14:14:00,99,Female,33.0,Electronics,4.0,300.0,165.0,1200.0,Laptop
80,2023-10-22,16:51:00,82,Female,64.0,Clothing,2.0,30.0,12.3,60.0,Sweater
214,2022-11-05,16:31:00,53,Male,20.0,Beauty,2.0,30.0,8.1,60.0,Body Lotion
361,2022-09-12,16:37:00,112,Female,34.0,Electronics,4.0,300.0,81.0,1200.0,Bluetooth Speaker
526,2022-11-19,12:47:00,65,Male,33.0,Clothing,2.0,50.0,19.5,100.0,Sweater
1080,2022-12-08,13:31:00,70,Female,64.0,Clothing,2.0,30.0,13.2,60.0,Jeans
1214,2023-11-18,14:24:00,50,Male,20.0,Beauty,2.0,30.0,11.1,60.0,Sunscreen
1361,2023-09-12,16:00:00,89,Female,34.0,Electronics,4.0,300.0,153.0,1200.0,Laptop
1526,2022-09-25,15:06:00,84,Male,33.0,Clothing,2.0,50.0,26.5,100.0,Casual Shirt
265,2022-11-24,12:12:00,80,Male,55.0,Clothing,3.0,300.0,132.0,900.0,Hoodie
586,2023-12-20,14:57:00,84,Male,50.0,Electronics,1.0,50.0,21.5,50.0,Wireless Mouse
1265,2022-11-05,14:35:00,86,Male,55.0,Clothing,3.0,300.0,111.0,900.0,Hoodie
1586,2022-11-04,16:25:00,59,Male,50.0,Electronics,1.0,50.0,14.0,50.0,Tablet
336,2023-11-04,13:05:00,67,Female,52.0,Beauty,3.0,50.0,25.0,150.0,Lipstick
571,2022-10-20,12:51:00,87,Female,41.0,Electronics,1.0,50.0,16.0,50.0,Headphones
1336,2022-09-23,13:27:00,74,Female,52.0,Beauty,3.0,50.0,21.5,150.0,Face Cream
1571,2022-11-08,14:55:00,105,Female,41.0,Electronics,1.0,50.0,25.0,50.0,Laptop
9,2022-12-02,13:12:00,85,Male,63.0,Electronics,2.0,300.0,78.0,600.0,Keyboard
552,2022-10-29,13:32:00,85,Female,49.0,Electronics,3.0,25.0,9.75,75.0,Power Bank
771,2023-12-24,12:23:00,70,Male,24.0,Electronics,2.0,25.0,11.75,50.0,Wireless Mouse
1009,2023-09-22,14:18:00,88,Male,63.0,Electronics,2.0,300.0,78.0,600.0,Power Bank
1552,2022-09-25,12:11:00,55,Female,49.0,Electronics,3.0,25.0,13.0,75.0,Headphones
1771,2023-09-13,13:41:00,108,Male,24.0,Electronics,2.0,25.0,10.75,50.0,Tablet
496,2022-12-12,13:07:00,91,Male,23.0,Clothing,2.0,300.0,141.0,600.0,Dress
701,2023-11-29,16:33:00,93,Female,52.0,Beauty,2.0,30.0,14.1,60.0,Hair Serum
1496,2022-09-03,15:05:00,110,Male,23.0,Clothing,2.0,300.0,120.0,600.0,Sneakers
1701,2023-10-13,15:09:00,62,Female,52.0,Beauty,2.0,30.0,15.9,60.0,Sunscreen
139,2023-09-15,14:03:00,113,Male,36.0,Beauty,4.0,500.0,230.0,2000.0,Moisturizer
151,2023-10-12,15:49:00,108,Male,29.0,Clothing,1.0,50.0,18.0,50.0,Sweater
1139,2023-12-21,14:23:00,87,Male,36.0,Beauty,4.0,500.0,230.0,2000.0,Lipstick
1151,2022-12-12,14:48:00,99,Male,29.0,Clothing,1.0,50.0,26.0,50.0,Jeans
83,2022-11-27,15:57:00,56,Male,54.0,Electronics,2.0,50.0,16.5,100.0,Laptop
153,2023-11-19,15:52:00,62,Male,63.0,Electronics,2.0,500.0,195.0,1000.0,Headphones
451,2023-10-09,15:38:00,74,Female,45.0,Electronics,1.0,30.0,13.5,30.0,Keyboard
1083,2022-09-30,15:46:00,99,Male,54.0,Electronics,2.0,50.0,17.5,100.0,Laptop
1153,2022-09-24,12:30:00,91,Male,63.0,Electronics,2.0,500.0,265.0,1000.0,Keyboard
1451,2022-09-23,12:10:00,94,Female,45.0,Electronics,1.0,30.0,13.2,30.0,Headphones
99,2023-11-19,15:12:00,71,Female,50.0,Electronics,4.0,300.0,132.0,1200.0,Bluetooth Speaker
783,2022-11-11,15:37:00,91,Female,56.0,Clothing,1.0,300.0,150.0,300.0,Hoodie
1099,2022-12-24,12:41:00,56,Female,50.0,Electronics,4.0,300.0,162.0,1200.0,Headphones
1783,2023-09-05,16:37:00,52,Female,56.0,Clothing,1.0,300.0,135.0,300.0,Casual Shirt
409,2023-12-17,12:30:00,55,Female,21.0,Electronics,3.0,300.0,87.0,900.0,Power Bank
525,2022-09-05,14:15:00,98,Female,47.0,Beauty,2.0,25.0,7.0,50.0,Moisturizer
939,2022-11-07,15:28:00,75,Female,46.0,Electronics,1.0,300.0,81.0,300.0,Tablet
994,2022-12-24,16:38:00,73,Female,51.0,Beauty,2.0,500.0,125.0,1000.0,Perfume
1409,2023-11-22,12:15:00,102,Female,21.0,Electronics,3.0,300.0,138.0,900.0,Laptop
1525,2022-12-13,13:35:00,106,Female,47.0,Beauty,2.0,25.0,12.0,50.0,Body Lotion
1939,2022-10-31,13:30:00,74,Female,46.0,Electronics,1.0,300.0,135.0,300.0,Power Bank
1994,2022-11-20,13:27:00,86,Female,51.0,Beauty,2.0,500.0,250.0,1000.0,Lipstick
96,2023-11-22,14:10:00,62,Female,44.0,Clothing,2.0,300.0,84.0,600.0,Jeans
609,2023-11-19,13:02:00,59,Female,47.0,Clothing,2.0,50.0,13.0,100.0,Sneakers
982,2022-11-10,14:08:00,50,Female,46.0,Beauty,3.0,30.0,15.6,90.0,Perfume
1096,2022-12-01,14:49:00,82,Female,44.0,Clothing,2.0,300.0,138.0,600.0,Sneakers
1609,2023-10-05,13:58:00,81,Female,47.0,Clothing,2.0,50.0,22.5,100.0,Sweater
1982,2023-09-09,12:46:00,110,Female,46.0,Beauty,3.0,30.0,16.5,90.0,Face Cream
209,2022-09-03,12:22:00,61,Female,30.0,Electronics,4.0,50.0,14.0,200.0,Bluetooth Speaker
435,2023-12-15,13:41:00,113,Female,30.0,Beauty,3.0,300.0,108.0,900.0,Foundation
777,2022-09-10,15:07:00,54,Male,48.0,Electronics,3.0,50.0,17.0,150.0,Monitor
854,2022-10-01,15:42:00,84,Male,29.0,Clothing,1.0,50.0,22.0,50.0,Hoodie
890,2023-12-25,14:44:00,76,Male,34.0,Electronics,2.0,25.0,13.5,50.0,Keyboard
1209,2022-12-06,12:37:00,55,Female,30.0,Electronics,4.0,50.0,23.0,200.0,Power Bank
1435,2022-10-27,13:31:00,61,Female,30.0,Beauty,3.0,300.0,114.0,900.0,Perfume
1777,2023-11-15,12:06:00,74,Male,48.0,Electronics,3.0,50.0,19.5,150.0,Monitor
1854,2023-11-25,16:53:00,109,Male,29.0,Clothing,1.0,50.0,22.5,50.0,Jeans
1890,2023-10-18,14:20:00,51,Male,34.0,Electronics,2.0,25.0,6.25,50.0,Headphones
865,2023-12-17,14:49:00,78,Female,42.0,Clothing,1.0,300.0,108.0,300.0,Dress
1865,2022-11-18,14:52:00,107,Female,42.0,Clothing,1.0,300.0,156.0,300.0,Skirt
662,2022-12-03,12:40:00,100,Male,48.0,Beauty,2.0,500.0,145.0,1000.0,Hair Serum
1662,2023-12-20,12:38:00,106,Male,48.0,Beauty,2.0,500.0,240.0,1000.0,Foundation
309,2023-10-12,15:39:00,78,Female,26.0,Beauty,1.0,25.0,9.0,25.0,Face Wash
544,2023-10-31,13:46:00,95,Female,27.0,Electronics,1.0,25.0,10.25,25.0,Wireless Mouse
602,2023-12-12,16:46:00,75,Female,20.0,Electronics,1.0,300.0,96.0,300.0,Monitor
615,2022-10-31,15:06:00,58,Female,61.0,Clothing,4.0,25.0,10.5,100.0,Jeans
678,2022-11-17,15:55:00,70,Female,60.0,Electronics,3.0,300.0,144.0,900.0,Laptop
781,2022-10-19,16:52:00,106,Male,35.0,Beauty,1.0,500.0,225.0,500.0,Body Lotion
1309,2022-09-30,16:50:00,93,Female,26.0,Beauty,1.0,25.0,9.5,25.0,Shampoo
1544,2022-12-16,15:58:00,70,Female,27.0,Electronics,1.0,25.0,11.25,25.0,Keyboard
1602,2022-12-01,15:17:00,86,Female,20.0,Electronics,1.0,300.0,126.0,300.0,Keyboard
1615,2022-11-17,13:43:00,82,Female,61.0,Clothing,4.0,25.0,13.5,100.0,Casual Shirt
1678,2022-09-16,13:44:00,99,Female,60.0,Electronics,3.0,300.0,102.0,900.0,Bluetooth Speaker
1781,2022-10-13,12:22:00,55,Male,35.0,Beauty,1.0,500.0,225.0,500.0,Perfume
34,2023-09-24,13:26:00,87,Female,51.0,Clothing,3.0,50.0,17.0,150.0,Casual Shirt
916,2023-12-05,12:56:00,68,Female,32.0,Electronics,1.0,50.0,26.0,50.0,Monitor
1034,2022-11-13,14:48:00,52,Female,51.0,Clothing,3.0,50.0,24.5,150.0,Jacket
1916,2022-11-08,12:40:00,102,Female,32.0,Electronics,1.0,50.0,16.5,50.0,Laptop
757,2023-10-06,12:10:00,82,Female,43.0,Electronics,4.0,300.0,105.0,1200.0,Wireless Mouse
1757,2023-09-29,16:42:00,50,Female,43.0,Electronics,4.0,300.0,132.0,1200.0,Power Bank
25,2022-11-20,14:32:00,61,Female,64.0,Beauty,1.0,50.0,19.0,50.0,Face Cream
82,2022-09-08,12:55:00,85,Female,32.0,Beauty,4.0,50.0,15.0,200.0,Shampoo
472,2023-10-30,15:23:00,95,Female,38.0,Beauty,3.0,300.0,162.0,900.0,Foundation
842,2022-11-28,14:13:00,71,Female,47.0,Clothing,2.0,300.0,105.0,600.0,Jacket
879,2022-11-13,16:51:00,50,Male,23.0,Clothing,1.0,30.0,15.3,30.0,Dress
991,2023-09-14,14:28:00,110,Female,34.0,Clothing,2.0,50.0,19.5,100.0,Jacket
1025,2022-11-12,16:41:00,103,Female,64.0,Beauty,1.0,50.0,16.5,50.0,Perfume
1082,2022-10-22,15:56:00,111,Female,32.0,Beauty,4.0,50.0,27.5,200.0,Body Lotion
1472,2023-12-18,15:22:00,74,Female,38.0,Beauty,3.0,300.0,150.0,900.0,Lipstick
1842,2022-10-04,14:03:00,84,Female,47.0,Clothing,2.0,300.0,75.0,600.0,Hoodie
1879,2022-11-18,15:27:00,66,Male,23.0,Clothing,1.0,30.0,16.2,30.0,Casual Shirt
1991,2022-12-04,13:11:00,96,Female,34.0,Clothing,2.0,50.0,14.5,100.0,Dress
62,2023-09-16,12:54:00,50,Male,18.0,Beauty,2.0,50.0,26.5,100.0,Shampoo
386,2022-10-23,13:20:00,77,Female,54.0,Electronics,2.0,300.0,153.0,600.0,Tablet
1062,2022-12-20,16:05:00,69,Male,18.0,Beauty,2.0,50.0,21.5,100.0,Lipstick
1386,2023-12-19,14:06:00,110,Female,54.0,Electronics,2.0,300.0,81.0,600.0,Power Bank
429,2023-09-08,14:29:00,80,Male,64.0,Electronics,2.0,25.0,6.75,50.0,Tablet
664,2022-09-03,16:52:00,109,Female,44.0,Clothing,4.0,500.0,170.0,2000.0,Jacket
989,2022-10-31,13:30:00,97,Female,44.0,Electronics,1.0,25.0,8.25,25.0,Tablet
1429,2023-11-22,13:14:00,102,Male,64.0,Electronics,2.0,25.0,12.0,50.0,Monitor
1664,2023-12-12,16:44:00,99,Female,44.0,Clothing,4.0,500.0,245.0,2000.0,Casual Shirt
1989,2022-09-06,16:21:00,109,Female,44.0,Electronics,1.0,25.0,13.25,25.0,Headphones
233,2022-09-03,13:09:00,81,Female,51.0,Beauty,2.0,300.0,132.0,600.0,Foundation
520,2022-10-16,12:42:00,79,Female,49.0,Electronics,4.0,25.0,13.0,100.0,Laptop
805,2022-09-03,13:55:00,59,Female,30.0,Beauty,3.0,500.0,155.0,1500.0,Sunscreen
908,2022-10-30,14:47:00,64,Male,46.0,Beauty,4.0,300.0,81.0,1200.0,Sunscreen
1233,2023-10-01,16:20:00,79,Female,51.0,Beauty,2.0,300.0,117.0,600.0,Perfume
1520,2022-11-21,15:28:00,88,Female,49.0,Electronics,4.0,25.0,10.5,100.0,Laptop
1805,2023-10-10,13:35:00,79,Female,30.0,Beauty,3.0,500.0,225.0,1500.0,Sunscreen
1908,2023-12-17,12:34:00,93,Male,46.0,Beauty,4.0,300.0,87.0,1200.0,Sunscreen
857,2023-11-20,12:09:00,62,Male,60.0,Electronics,2.0,25.0,12.0,50.0,Bluetooth Speaker
1857,2022-11-09,12:15:00,109,Male,60.0,Electronics,2.0,25.0,7.5,50.0,Monitor
211,2022-09-12,14:02:00,54,Male,42.0,Beauty,3.0,500.0,235.0,1500.0,Face Cream
650,2023-10-08,12:41:00,98,Male,55.0,Electronics,1.0,30.0,15.0,30.0,Smartphone
1211,2023-11-22,14:59:00,82,Male,42.0,Beauty,3.0,500.0,235.0,1500.0,Shampoo
1650,2022-09-23,16:24:00,89,Male,55.0,Electronics,1.0,30.0,10.8,30.0,Smartphone
